datetime,Q_m3d
2000-11-01,2200.813057171037
2000-11-02,2207.5228530770464
2000-11-03,2140.4248940169546
2000-11-04,2109.751541303767
2000-11-05,2087.705069041168
2000-11-06,2106.875914486907
2000-11-07,2250.6572553299616
2000-11-08,2208.4813953493335
2000-11-09,2208.4813953493335
2000-11-10,2208.4813953493335
2000-11-11,2208.4813953493335
2000-11-12,2284.2062348600048
2000-11-13,2579.4372547244106
2000-11-14,2965.7297904560837
2000-11-15,3009.8227349812887
2000-11-16,
2000-11-17,
2000-11-18,
2000-11-19,
2000-11-20,
2000-11-21,
2000-11-22,
2000-11-23,
2000-11-24,
2000-11-25,
2000-11-26,
2000-11-27,
2000-11-28,
2000-11-29,
2000-11-30,
2000-12-01,
2000-12-02,
2000-12-03,
2000-12-04,
2000-12-05,
2000-12-06,
2000-12-07,
2000-12-08,2392.521511628437
2000-12-09,2335.0089752912186
2000-12-10,2300.501453488885
2000-12-11,2300.501453488885
2000-12-12,2300.501453488885
2000-12-13,2300.501453488885
2000-12-14,2300.501453488885
2000-12-15,2300.501453488885
2000-12-16,2443.3242520596555
2000-12-17,2668.5816860471086
2000-12-18,2599.5666424424453
2000-12-19,2576.561627907556
2000-12-20,2576.561627907556
2000-12-21,2576.561627907556
2000-12-22,2576.561627907556
2000-12-23,2576.561627907556
2000-12-24,2542.0541061052154
2000-12-25,2484.541569767992
2000-12-26,2484.541569767992
2000-12-27,2484.541569767992
2000-12-28,2484.541569767992
2000-12-29,2484.541569767992
2000-12-30,2506.588042030599
2000-12-31,2484.541569767992
2001-01-01,2484.541569767992
2001-01-02,2484.541569767992
2001-01-03,2484.541569767992
2001-01-04,2484.541569767992
2001-01-05,2396.3556807175855
2001-01-06,2392.521511628437
2001-01-07,2392.521511628437
2001-01-08,2381.019004360993
2001-01-09,2300.501453488885
2001-01-10,2300.501453488885
2001-01-11,2263.118304869693
2001-01-12,2208.4813953493335
2001-01-13,2208.4813953493335
2001-01-14,2208.4813953493335
2001-01-15,2208.4813953493335
2001-01-16,
2001-01-17,
2001-01-18,
2001-01-19,
2001-01-20,
2001-01-21,2208.4813953493335
2001-01-22,2208.4813953493335
2001-01-23,2208.4813953493335
2001-01-24,2208.4813953493335
2001-01-25,2153.8444858289727
2001-01-26,2100.166118580898
2001-01-27,2113.5857103929166
2001-01-28,2116.4613372097783
2001-01-29,2111.6686258483423
2001-01-30,2187.393465359019
2001-01-31,2208.4813953493335
2001-02-01,2208.4813953493335
2001-02-02,2208.4813953493335
2001-02-03,2208.4813953493335
2001-02-04,2208.4813953493335
2001-02-05,2208.4813953493335
2001-02-06,2182.600753997585
2001-02-07,2116.4613372097783
2001-02-08,2133.7150981109435
2001-02-09,2339.801686652651
2001-02-10,2392.521511628437
2001-02-11,2392.521511628437
2001-02-12,2392.521511628437
2001-02-13,2351.304193920097
2001-02-14,2300.501453488885
2001-02-15,2300.501453488885
2001-02-16,2300.501453488885
2001-02-17,2300.501453488885
2001-02-18,2346.5114825586606
2001-02-19,2392.521511628437
2001-02-20,2392.521511628437
2001-02-21,2392.521511628437
2001-02-22,2347.4700248309487
2001-02-23,2300.501453488885
2001-02-24,2300.501453488885
2001-02-25,2350.3456516478086
2001-02-26,2392.521511628437
2001-02-27,2392.521511628437
2001-02-28,2392.521511628437
2001-03-01,2386.7702579947154
2001-03-02,2319.6722989346263
2001-03-03,2298.5843689443113
2001-03-04,2232.444952156509
2001-03-05,2208.4813953493335
2001-03-06,2208.4813953493335
2001-03-07,2208.4813953493335
2001-03-08,2208.4813953493335
2001-03-09,2208.4813953493335
2001-03-10,2208.4813953493335
2001-03-11,2208.4813953493335
2001-03-12,2221.900987161351
2001-03-13,2424.153406613907
2001-03-14,2484.541569767992
2001-03-15,2429.904660247633
2001-03-16,2392.521511628437
2001-03-17,2335.9675175635048
2001-03-18,2300.501453488885
2001-03-19,2288.0404039491546
2001-03-20,2208.4813953493335
2001-03-21,2286.12331940458
2001-03-22,2300.501453488885
2001-03-23,2282.2891503154324
2001-03-24,2300.501453488885
2001-03-25,2300.501453488885
2001-03-26,2300.501453488885
2001-03-27,2300.501453488885
2001-03-28,2300.501453488885
2001-03-29,2239.1547480625186
2001-03-30,2208.4813953493335
2001-03-31,2208.4813953493335
2001-04-01,2298.5010174423733
2001-04-02,2334.0504330189297
2001-04-03,2392.521511628437
2001-04-04,2392.521511628437
2001-04-05,2403.065476623594
2001-04-06,2522.883260659482
2001-04-07,3365.4419179997776
2001-04-08,4212.793286701516
2001-04-09,4638.386055596968
2001-04-10,5052.476317224974
2001-04-11,6589.97812197337
2001-04-12,8944.15794271033
2001-04-13,9681.27695009906
2001-04-14,9129.15660126171
2001-04-15,8707.398001455414
2001-04-16,8022.0402767702
2001-04-17,6942.721678174988
2001-04-18,6101.121563106983
2001-04-19,5498.198473838426
2001-04-20,5314.158357559313
2001-04-21,7267.6675084803
2001-04-22,9690.86237282193
2001-04-23,11809.240794576279
2001-04-24,13266.22504845257
2001-04-25,11790.069949130539
2001-04-26,10304.329427085631
2001-04-27,8668.097768291653
2001-04-28,7358.7290243475845
2001-04-29,6334.04733527274
2001-04-30,5612.265004240582
2001-05-01,5808.766170059435
2001-05-02,5866.278706396656
2001-05-03,5467.525121125242
2001-05-04,5090.818008116451
2001-05-05,4520.485356105656
2001-05-06,3980.8260568080545
2001-05-07,4182.119933988333
2001-05-08,4070.929030403033
2001-05-09,3935.7745700105615
2001-05-10,5422.4736343277555
2001-05-11,5115.740107195912
2001-05-12,4609.629787428354
2001-05-13,4227.1714207858195
2001-05-14,3981.7845990803416
2001-05-15,3784.3248909892113
2001-05-16,3683.677952399071
2001-05-17,3578.2383024475007
2001-05-18,3303.1366703011226
2001-05-19,3141.1430262846134
2001-05-20,2959.019994550078
2001-05-21,3225.4947462458704
2001-05-22,3930.981858649124
2001-05-23,4146.653869913712
2001-05-24,4301.937718024209
2001-05-25,4777.37468507859
2001-05-26,5517.369319284169
2001-05-27,5716.74611191988
2001-05-28,5314.158357559328
2001-05-29,4856.933693678413
2001-05-30,4316.315852108513
2001-05-31,3917.562266837108
2001-06-01,3943.4429081888597
2001-06-02,3560.025999274047
2001-06-03,3236.0387112410313
2001-06-04,3139.2259417400387
2001-06-05,3021.325242248733
2001-06-06,2944.6418604657692
2001-06-07,2888.0878664008337
2001-06-08,2849.746175509357
2001-06-09,2692.545242854284
2001-06-10,3142.101568556897
2001-06-11,3570.569964269203
2001-06-12,4431.340924782962
2001-06-13,4310.564598474792
2001-06-14,3921.396435926257
2001-06-15,3477.5913638573625
2001-06-16,3645.3362615075976
2001-06-17,4477.35095385274
2001-06-18,5059.186113130965
2001-06-19,7422.9513565908155
2001-06-20,6779.769491886196
2001-06-21,6280.36896802466
2001-06-22,5461.773867491529
2001-06-23,4796.5455305243295
2001-06-24,4250.176435320707
2001-06-25,3910.8524709310987
2001-06-26,3542.7722383728815
2001-06-27,3374.0687984503616
2001-06-28,3285.8829093999575
2001-06-29,2998.3202277138457
2001-06-30,2748.1406946469324
2001-07-01,2355.138363009247
2001-07-02,2212.3155644384815
2001-07-03,2214.2326489830552
2001-07-04,2225.7351562505005
2001-07-05,2096.331949491744
2001-07-06,1968.8458272775683
2001-07-07,1930.5041363860867
2001-07-08,1854.7792968754136
2001-07-09,1840.4011627911082
2001-07-10,1826.9815709790907
2001-07-11,1732.085886022675
2001-07-12,1695.6612796757684
2001-07-13,1570.0922420061634
2001-07-14,1562.4239038278668
2001-07-15,1616.1022710759441
2001-07-16,1584.470376090468
2001-07-17,1564.3409883724412
2001-07-18,1564.3409883724412
2001-07-19,1862.4476350537134
2001-07-20,2583.271423813565
2001-07-21,2574.644543362982
2001-07-22,2488.3757388571403
2001-07-23,2399.2313075344464
2001-07-24,2232.4449521565098
2001-07-25,
2001-07-26,
2001-07-27,
2001-07-28,
2001-07-29,
2001-07-30,2028.2754481593704
2001-07-31,2130.8394712940826
2001-08-01,2526.7174297486263
2001-08-02,2783.6067587215484
2001-08-03,2661.871890141101
2001-08-04,2567.9347474569718
2001-08-05,2456.7438438716677
2001-08-06,2331.17480620207
2001-08-07,2242.9889171516666
2001-08-08,2196.9788880818896
2001-08-09,1962.1360313715609
2001-08-10,1766.5934078250104
2001-08-11,1590.2216297241905
2001-08-12,1599.8070524470638
2001-08-13,1564.3409883724412
2001-08-14,1510.662621124366
2001-08-15,1468.486761143736
2001-08-16,1472.320930232884
2001-08-17,1472.320930232884
2001-08-18,1491.491775678626
2001-08-19,1383.1764989101923
2001-08-20,1380.3008720933312
2001-08-21,1373.5910761873222
2001-08-22,1288.280813953778
2001-08-23,1288.280813953778
2001-08-24,1218.3072280768201
2001-08-25,1196.2607558142186
2001-08-26,1196.2607558142186
2001-08-27,1143.5409308384344
2001-08-28,1104.2406976746668
2001-08-29,1104.2406976746668
2001-08-30,1048.6452458820152
2001-08-31,977.7131177327765
2001-09-01,917.612517260379
2001-09-02,892.5945639536868
2001-09-03,865.7553803296511
2001-09-04,846.584534883911
2001-09-05,836.8074037065829
2001-09-06,934.7704239343175
2001-09-07,1753.1738160129885
2001-09-08,1963.0945736438448
2001-09-09,1957.3433200101238
2001-09-10,1905.5820373066251
2001-09-11,1849.028043241691
2001-09-12,1840.4011627911082
2001-09-13,1808.7692678056378
2001-09-14,1679.3660610468887
2001-09-15,1639.1072856108299
2001-09-16,1564.3409883724412
2001-09-17,1564.3409883724412
2001-09-18,1564.3409883724412
2001-09-19,1564.3409883724412
2001-09-20,1565.299530644728
2001-09-21,1564.3409883724412
2001-09-22,1564.3409883724412
2001-09-23,1843.2767896079679
2001-09-24,1811.6448946224987
2001-09-25,1710.0394137600747
2001-09-26,1644.858539244553
2001-09-27,1572.967868823024
2001-09-28,1564.3409883724412
2001-09-29,1564.3409883724412
2001-09-30,1564.3409883724412
2001-10-01,1564.3409883724412
2001-10-02,1647.7341660614159
2001-10-03,1840.4011627911082
2001-10-04,1840.4011627911082
2001-10-05,1676.4904342300247
2001-10-06,1564.3409883724412
2001-10-07,1563.382446100154
2001-10-08,1564.3409883724412
2001-10-09,1611.309559714509
2001-10-10,1991.8508418124609
2001-10-11,2100.166118580897
2001-10-12,2044.570666788243
2001-10-13,2113.585710392915
2001-10-14,2208.4813953493335
2001-10-15,2208.4813953493335
2001-10-16,2199.85451489875
2001-10-17,2144.259063106102
2001-10-18,2113.585710392916
2001-10-19,2100.1661185808953
2001-10-20,2032.109617248512
2001-10-21,2001.4362645353265
2001-10-22,1970.7629118221412
2001-10-23,2006.2289758967624
2001-10-24,2104.9588299423335
2001-10-25,2133.715098110941
2001-10-26,2520.007633842621
2001-10-27,2525.758887476335
2001-10-28,2439.4900829705025
2001-10-29,2398.2727652621593
2001-10-30,2435.655913881355
2001-10-31,2566.976205184685
2001-11-01,2563.142036095535
2001-11-02,2467.2878088668253
2001-11-03,2395.3971384452984
2001-11-04,2334.050433018931
2001-11-05,2286.123319404581
2001-11-06,2212.3155644384815
2001-11-07,2222.284404070265
2001-11-08,2246.8230862408104
2001-11-09,2208.4813953493294
2001-11-10,2208.4813953493294
2001-11-11,2193.144718992737
2001-11-12,2116.4613372097747
2001-11-13,2162.4713662795516
2001-11-14,2208.4813953493294
2001-11-15,2208.4813953493294
2001-11-16,2193.144718992737
2001-11-17,2116.4613372097747
2001-11-18,2154.8030281012557
2001-11-19,2262.1597625974036
2001-11-20,2208.4813953493294
2001-11-21,2208.4813953493294
2001-11-22,2208.4813953493294
2001-11-23,2208.4813953493294
2001-11-24,2515.2149224811806
2001-11-25,2913.9685077525883
2001-11-26,3059.666933140218
2001-11-27,4163.907630814883
2001-11-28,4079.5559108536227
2001-11-29,3795.8273982566607
2001-11-30,3826.500750969845
2001-12-01,3864.8424418613276
2001-12-02,3542.7722383728837
2001-12-03,3358.732122093773
2001-12-04,3220.70203488444
2001-12-05,3734.48069283029
2001-12-06,4677.686288760732
2001-12-07,4762.038008721993
2001-12-08,4393.957776163771
2001-12-09,3987.5358527140684
2001-12-10,3680.802325582216
2001-12-11,3420.078827520143
2001-12-12,3251.3753875976245
2001-12-13,3167.023667636365
2001-12-14,3021.3252422487367
2001-12-15,2852.6218023262177
2001-12-16,2837.2851259696254
2001-12-17,2821.948449613032
2001-12-18,2760.6017441866625
2001-12-19,2676.2500242254027
2001-12-20,2630.2399951556254
2001-12-21,2568.8932897292552
2001-12-22,2591.898304264144
2001-12-23,2668.581686047106
2001-12-24,2668.581686047106
2001-12-25,2668.581686047106
2001-12-26,2668.581686047106
2001-12-27,2668.581686047106
2001-12-28,2668.581686047106
2001-12-29,2668.581686047106
2001-12-30,2668.581686047106
2001-12-31,2668.581686047106
2002-01-01,2668.581686047106
2002-01-02,2668.581686047106
2002-01-03,2668.581686047106
2002-01-04,2668.581686047106
2002-01-05,2530.5515988377742
2002-01-06,2338.8431443803665
2002-01-07,2300.501453488885
2002-01-08,2300.501453488885
2002-01-09,2300.501453488885
2002-01-10,2223.8180717059217
2002-01-11,2208.4813953493294
2002-01-12,2208.4813953493294
2002-01-13,2208.4813953493294
2002-01-14,2292.833115310589
2002-01-15,2262.1597625974036
2002-01-16,2216.149733527626
2002-01-17,2277.496438953996
2002-01-18,2269.8281007757
2002-01-19,2239.154748062515
2002-01-20,2277.4964389539964
2002-01-21,2300.501453488885
2002-01-22,2300.501453488885
2002-01-23,2223.8180717059217
2002-01-24,2208.4813953493294
2002-01-25,2208.4813953493294
2002-01-26,2208.4813953493294
2002-01-27,2045.9126259694485
2002-01-28,1983.0322529074185
2002-01-29,2032.8764510663443
2002-01-30,2208.4813953493294
2002-01-31,2024.441279070219
2002-02-01,2315.8381298454783
2002-02-02,2165.538701550871
2002-02-03,2377.184835271849
2002-02-04,2369.5164970935525
2002-02-05,2377.184835271848
2002-02-06,2361.8481589152557
2002-02-07,2300.501453488885
2002-02-08,2300.501453488885
2002-02-09,2300.501453488885
2002-02-10,2239.154748062515
2002-02-11,2292.833115310589
2002-02-12,2300.501453488885
2002-02-13,2300.501453488885
2002-02-14,2269.8281007757
2002-02-15,2208.4813953493294
2002-02-16,2208.4813953493294
2002-02-17,2208.4813953493294
2002-02-18,2208.4813953493294
2002-02-19,2308.169791667182
2002-02-20,3005.988565892144
2002-02-21,3220.70203488444
2002-02-22,3197.6970203495503
2002-02-23,3128.6819767448833
2002-02-24,3113.345300388291
2002-02-25,3128.6819767448833
2002-02-26,3036.661918605329
2002-02-27,2944.641860465773
2002-02-28,2944.641860465773
2002-03-01,2944.641860465773
2002-03-02,2944.641860465773
2002-03-03,2944.641860465773
2002-03-04,2944.641860465773
2002-03-05,2944.641860465773
2002-03-06,2944.641860465773
2002-03-07,2944.641860465773
2002-03-08,3005.988565892143
2002-03-09,4102.560925388514
2002-03-10,4324.942732559106
2002-03-11,4324.942732559106
2002-03-12,4350.0391120517115
2002-03-13,
2002-03-14,
2002-03-15,
2002-03-16,
2002-03-17,
2002-03-18,
2002-03-19,
2002-03-20,
2002-03-21,
2002-03-22,
2002-03-23,
2002-03-24,
2002-03-25,
2002-03-26,
2002-03-27,
2002-03-28,
2002-03-29,
2002-03-30,
2002-03-31,
2002-04-01,
2002-04-02,
2002-04-03,
2002-04-04,
2002-04-05,
2002-04-06,
2002-04-07,
2002-04-08,
2002-04-09,
2002-04-10,
2002-04-11,
2002-04-12,
2002-04-13,
2002-04-14,
2002-04-15,
2002-04-16,
2002-04-17,
2002-04-18,
2002-04-19,
2002-04-20,
2002-04-21,
2002-04-22,
2002-04-23,
2002-04-24,
2002-04-25,
2002-04-26,
2002-04-27,
2002-04-28,
2002-04-29,
2002-04-30,
2002-05-01,
2002-05-02,
2002-05-03,
2002-05-04,
2002-05-05,
2002-05-06,
2002-05-07,
2002-05-08,
2002-05-09,
2002-05-10,
2002-05-11,
2002-05-12,
2002-05-13,
2002-05-14,
2002-05-15,
2002-05-16,
2002-05-17,
2002-05-18,
2002-05-19,
2002-05-20,
2002-05-21,
2002-05-22,
2002-05-23,
2002-05-24,
2002-05-25,
2002-05-26,
2002-05-27,
2002-05-28,
2002-05-29,
2002-05-30,
2002-05-31,
2002-06-01,
2002-06-02,
2002-06-03,
2002-06-04,
2002-06-05,
2002-06-06,
2002-06-07,
2002-06-08,
2002-06-09,
2002-06-10,
2002-06-11,
2002-06-12,
2002-06-13,
2002-06-14,
2002-06-15,
2002-06-16,
2002-06-17,
2002-06-18,
2002-06-19,
2002-06-20,
2002-06-21,
2002-06-22,
2002-06-23,
2002-06-24,
2002-06-25,
2002-06-26,
2002-06-27,
2002-06-28,
2002-06-29,
2002-06-30,
2002-07-01,
2002-07-02,
2002-07-03,
2002-07-04,
2002-07-05,
2002-07-06,
2002-07-07,
2002-07-08,
2002-07-09,
2002-07-10,
2002-07-11,
2002-07-12,
2002-07-13,
2002-07-14,
2002-07-15,
2002-07-16,
2002-07-17,
2002-07-18,
2002-07-19,
2002-07-20,
2002-07-21,
2002-07-22,
2002-07-23,
2002-07-24,
2002-07-25,
2002-07-26,
2002-07-27,
2002-07-28,
2002-07-29,
2002-07-30,
2002-07-31,
2002-08-01,
2002-08-02,
2002-08-03,
2002-08-04,
2002-08-05,
2002-08-06,
2002-08-07,
2002-08-08,
2002-08-09,
2002-08-10,
2002-08-11,
2002-08-12,
2002-08-13,
2002-08-14,
2002-08-15,
2002-08-16,
2002-08-17,
2002-08-18,
2002-08-19,
2002-08-20,
2002-08-21,
2002-08-22,
2002-08-23,
2002-08-24,
2002-08-25,
2002-08-26,
2002-08-27,
2002-08-28,
2002-08-29,
2002-08-30,
2002-08-31,
2002-09-01,
2002-09-02,
2002-09-03,
2002-09-04,
2002-09-05,
2002-09-06,
2002-09-07,
2002-09-08,
2002-09-09,
2002-09-10,
2002-09-11,
2002-09-12,
2002-09-13,
2002-09-14,
2002-09-15,
2002-09-16,
2002-09-17,
2002-09-18,
2002-09-19,
2002-09-20,
2002-09-21,
2002-09-22,
2002-09-23,
2002-09-24,
2002-09-25,
2002-09-26,
2002-09-27,
2002-09-28,
2002-09-29,
2002-09-30,
2002-10-01,
2002-10-02,
2002-10-03,
2002-10-04,
2002-10-05,
2002-10-06,
2002-10-07,
2002-10-08,
2002-10-09,
2002-10-10,
2002-10-11,
2002-10-12,
2002-10-13,
2002-10-14,
2002-10-15,
2002-10-16,
2002-10-17,
2002-10-18,
2002-10-19,
2002-10-20,
2002-10-21,
2002-10-22,
2002-10-23,
2002-10-24,
2002-10-25,
2002-10-26,
2002-10-27,
2002-10-28,
2002-10-29,
2002-10-30,
2002-10-31,
2002-11-01,
2002-11-02,
2002-11-03,
2002-11-04,
2002-11-05,
2002-11-06,
2002-11-07,
2002-11-08,
2002-11-09,
2002-11-10,
2002-11-11,
2002-11-12,
2002-11-13,
2002-11-14,
2002-11-15,
2002-11-16,
2002-11-17,
2002-11-18,
2002-11-19,
2002-11-20,
2002-11-21,
2002-11-22,
2002-11-23,
2002-11-24,
2002-11-25,
2002-11-26,
2002-11-27,
2002-11-28,
2002-11-29,
2002-11-30,
2002-12-01,
2002-12-02,
2002-12-03,
2002-12-04,
2002-12-05,
2002-12-06,
2002-12-07,
2002-12-08,
2002-12-09,
2002-12-10,
2002-12-11,
2002-12-12,
2002-12-13,
2002-12-14,
2002-12-15,
2002-12-16,
2002-12-17,
2002-12-18,
2002-12-19,
2002-12-20,
2002-12-21,
2002-12-22,
2002-12-23,
2002-12-24,
2002-12-25,
2002-12-26,
2002-12-27,
2002-12-28,
2002-12-29,
2002-12-30,
2002-12-31,
2003-01-01,
2003-01-02,
2003-01-03,
2003-01-04,
2003-01-05,
2003-01-06,
2003-01-07,
2003-01-08,
2003-01-09,
2003-01-10,
2003-01-11,
2003-01-12,
2003-01-13,
2003-01-14,
2003-01-15,
2003-01-16,
2003-01-17,
2003-01-18,
2003-01-19,
2003-01-20,
2003-01-21,
2003-01-22,
2003-01-23,
2003-01-24,
2003-01-25,
2003-01-26,
2003-01-27,
2003-01-28,
2003-01-29,
2003-01-30,
2003-01-31,
2003-02-01,
2003-02-02,
2003-02-03,
2003-02-04,
2003-02-05,
2003-02-06,
2003-02-07,
2003-02-08,
2003-02-09,
2003-02-10,
2003-02-11,
2003-02-12,
2003-02-13,
2003-02-14,
2003-02-15,
2003-02-16,
2003-02-17,
2003-02-18,
2003-02-19,
2003-02-20,
2003-02-21,
2003-02-22,
2003-02-23,
2003-02-24,
2003-02-25,
2003-02-26,
2003-02-27,
2003-02-28,
2003-03-01,
2003-03-02,
2003-03-03,
2003-03-04,
2003-03-05,
2003-03-06,
2003-03-07,
2003-03-08,
2003-03-09,
2003-03-10,
2003-03-11,
2003-03-12,
2003-03-13,
2003-03-14,
2003-03-15,
2003-03-16,
2003-03-17,
2003-03-18,
2003-03-19,
2003-03-20,
2003-03-21,
2003-03-22,
2003-03-23,
2003-03-24,
2003-03-25,
2003-03-26,
2003-03-27,
2003-03-28,
2003-03-29,
2003-03-30,
2003-03-31,
2003-04-01,
2003-04-02,
2003-04-03,
2003-04-04,
2003-04-05,
2003-04-06,
2003-04-07,
2003-04-08,
2003-04-09,
2003-04-10,
2003-04-11,
2003-04-12,
2003-04-13,
2003-04-14,
2003-04-15,
2003-04-16,
2003-04-17,
2003-04-18,
2003-04-19,
2003-04-20,
2003-04-21,
2003-04-22,
2003-04-23,
2003-04-24,
2003-04-25,
2003-04-26,
2003-04-27,
2003-04-28,
2003-04-29,
2003-04-30,
2003-05-01,
2003-05-02,
2003-05-03,
2003-05-04,
2003-05-05,
2003-05-06,
2003-05-07,
2003-05-08,
2003-05-09,
2003-05-10,
2003-05-11,
2003-05-12,
2003-05-13,
2003-05-14,
2003-05-15,
2003-05-16,
2003-05-17,
2003-05-18,
2003-05-19,
2003-05-20,
2003-05-21,
2003-05-22,
2003-05-23,
2003-05-24,
2003-05-25,
2003-05-26,
2003-05-27,
2003-05-28,
2003-05-29,
2003-05-30,
2003-05-31,
2003-06-01,
2003-06-02,
2003-06-03,
2003-06-04,
2003-06-05,
2003-06-06,
2003-06-07,
2003-06-08,
2003-06-09,
2003-06-10,
2003-06-11,
2003-06-12,
2003-06-13,
2003-06-14,
2003-06-15,
2003-06-16,
2003-06-17,
2003-06-18,
2003-06-19,
2003-06-20,
2003-06-21,
2003-06-22,
2003-06-23,
2003-06-24,
2003-06-25,
2003-06-26,
2003-06-27,
2003-06-28,
2003-06-29,
2003-06-30,
2003-07-01,
2003-07-02,
2003-07-03,
2003-07-04,
2003-07-05,
2003-07-06,
2003-07-07,
2003-07-08,
2003-07-09,
2003-07-10,
2003-07-11,
2003-07-12,
2003-07-13,
2003-07-14,
2003-07-15,
2003-07-16,
2003-07-17,
2003-07-18,
2003-07-19,
2003-07-20,
2003-07-21,
2003-07-22,
2003-07-23,
2003-07-24,
2003-07-25,
2003-07-26,
2003-07-27,
2003-07-28,
2003-07-29,
2003-07-30,
2003-07-31,
2003-08-01,
2003-08-02,
2003-08-03,
2003-08-04,
2003-08-05,
2003-08-06,
2003-08-07,
2003-08-08,
2003-08-09,
2003-08-10,
2003-08-11,
2003-08-12,
2003-08-13,
2003-08-14,
2003-08-15,
2003-08-16,
2003-08-17,
2003-08-18,
2003-08-19,
2003-08-20,
2003-08-21,
2003-08-22,
2003-08-23,
2003-08-24,
2003-08-25,
2003-08-26,
2003-08-27,
2003-08-28,
2003-08-29,
2003-08-30,
2003-08-31,
2003-09-01,
2003-09-02,
2003-09-03,
2003-09-04,
2003-09-05,
2003-09-06,
2003-09-07,
2003-09-08,
2003-09-09,
2003-09-10,
2003-09-11,
2003-09-12,
2003-09-13,
2003-09-14,
2003-09-15,
2003-09-16,
2003-09-17,
2003-09-18,
2003-09-19,
2003-09-20,
2003-09-21,
2003-09-22,
2003-09-23,
2003-09-24,
2003-09-25,
2003-09-26,
2003-09-27,
2003-09-28,
2003-09-29,
2003-09-30,
2003-10-01,
2003-10-02,
2003-10-03,
2003-10-04,
2003-10-05,
2003-10-06,
2003-10-07,
2003-10-08,
2003-10-09,
2003-10-10,
2003-10-11,
2003-10-12,
2003-10-13,
2003-10-14,
2003-10-15,
2003-10-16,
2003-10-17,
2003-10-18,
2003-10-19,
2003-10-20,
2003-10-21,
2003-10-22,
2003-10-23,
2003-10-24,
2003-10-25,
2003-10-26,
2003-10-27,
2003-10-28,
2003-10-29,
2003-10-30,
2003-10-31,
2003-11-01,
2003-11-02,
2003-11-03,
2003-11-04,
2003-11-05,
2003-11-06,
2003-11-07,
2003-11-08,
2003-11-09,
2003-11-10,
2003-11-11,
2003-11-12,
2003-11-13,
2003-11-14,
2003-11-15,
2003-11-16,
2003-11-17,
2003-11-18,
2003-11-19,
2003-11-20,
2003-11-21,
2003-11-22,
2003-11-23,
2003-11-24,
2003-11-25,
2003-11-26,
2003-11-27,
2003-11-28,
2003-11-29,
2003-11-30,
2003-12-01,
2003-12-02,
2003-12-03,
2003-12-04,
2003-12-05,
2003-12-06,
2003-12-07,
2003-12-08,
2003-12-09,
2003-12-10,
2003-12-11,
2003-12-12,
2003-12-13,
2003-12-14,
2003-12-15,
2003-12-16,
2003-12-17,
2003-12-18,
2003-12-19,
2003-12-20,
2003-12-21,
2003-12-22,
2003-12-23,
2003-12-24,
2003-12-25,
2003-12-26,
2003-12-27,
2003-12-28,
2003-12-29,
2003-12-30,
2003-12-31,
2004-01-01,
2004-01-02,
2004-01-03,
2004-01-04,
2004-01-05,
2004-01-06,
2004-01-07,
2004-01-08,
2004-01-09,
2004-01-10,
2004-01-11,
2004-01-12,
2004-01-13,
2004-01-14,
2004-01-15,
2004-01-16,
2004-01-17,
2004-01-18,
2004-01-19,
2004-01-20,
2004-01-21,
2004-01-22,
2004-01-23,
2004-01-24,
2004-01-25,
2004-01-26,
2004-01-27,
2004-01-28,
2004-01-29,
2004-01-30,
2004-01-31,
2004-02-01,
2004-02-02,
2004-02-03,
2004-02-04,
2004-02-05,
2004-02-06,
2004-02-07,
2004-02-08,
2004-02-09,
2004-02-10,
2004-02-11,
2004-02-12,
2004-02-13,
2004-02-14,
2004-02-15,
2004-02-16,
2004-02-17,
2004-02-18,
2004-02-19,
2004-02-20,
2004-02-21,
2004-02-22,
2004-02-23,
2004-02-24,
2004-02-25,
2004-02-26,
2004-02-27,
2004-02-28,
2004-02-29,
2004-03-01,
2004-03-02,
2004-03-03,
2004-03-04,
2004-03-05,
2004-03-06,
2004-03-07,
2004-03-08,
2004-03-09,
2004-03-10,
2004-03-11,
2004-03-12,
2004-03-13,
2004-03-14,
2004-03-15,
2004-03-16,
2004-03-17,
2004-03-18,
2004-03-19,
2004-03-20,
2004-03-21,
2004-03-22,
2004-03-23,
2004-03-24,
2004-03-25,
2004-03-26,
2004-03-27,
2004-03-28,
2004-03-29,
2004-03-30,
2004-03-31,
2004-04-01,
2004-04-02,
2004-04-03,
2004-04-04,
2004-04-05,
2004-04-06,
2004-04-07,
2004-04-08,
2004-04-09,
2004-04-10,
2004-04-11,
2004-04-12,
2004-04-13,
2004-04-14,
2004-04-15,
2004-04-16,
2004-04-17,
2004-04-18,
2004-04-19,
2004-04-20,
2004-04-21,
2004-04-22,
2004-04-23,
2004-04-24,
2004-04-25,
2004-04-26,
2004-04-27,
2004-04-28,
2004-04-29,
2004-04-30,
2004-05-01,
2004-05-02,
2004-05-03,
2004-05-04,
2004-05-05,
2004-05-06,
2004-05-07,
2004-05-08,
2004-05-09,
2004-05-10,
2004-05-11,
2004-05-12,
2004-05-13,
2004-05-14,
2004-05-15,
2004-05-16,
2004-05-17,
2004-05-18,
2004-05-19,
2004-05-20,
2004-05-21,
2004-05-22,
2004-05-23,
2004-05-24,
2004-05-25,
2004-05-26,
2004-05-27,
2004-05-28,
2004-05-29,
2004-05-30,
2004-05-31,
2004-06-01,
2004-06-02,
2004-06-03,
2004-06-04,
2004-06-05,
2004-06-06,
2004-06-07,
2004-06-08,
2004-06-09,
2004-06-10,
2004-06-11,
2004-06-12,
2004-06-13,
2004-06-14,
2004-06-15,
2004-06-16,
2004-06-17,
2004-06-18,
2004-06-19,
2004-06-20,
2004-06-21,
2004-06-22,
2004-06-23,
2004-06-24,
2004-06-25,
2004-06-26,
2004-06-27,
2004-06-28,
2004-06-29,
2004-06-30,
2004-07-01,
2004-07-02,
2004-07-03,
2004-07-04,
2004-07-05,
2004-07-06,
2004-07-07,
2004-07-08,
2004-07-09,
2004-07-10,
2004-07-11,
2004-07-12,
2004-07-13,
2004-07-14,
2004-07-15,
2004-07-16,
2004-07-17,
2004-07-18,
2004-07-19,
2004-07-20,
2004-07-21,
2004-07-22,
2004-07-23,
2004-07-24,
2004-07-25,
2004-07-26,
2004-07-27,
2004-07-28,
2004-07-29,
2004-07-30,
2004-07-31,
2004-08-01,
2004-08-02,
2004-08-03,
2004-08-04,
2004-08-05,
2004-08-06,
2004-08-07,
2004-08-08,
2004-08-09,
2004-08-10,
2004-08-11,
2004-08-12,
2004-08-13,
2004-08-14,
2004-08-15,
2004-08-16,
2004-08-17,
2004-08-18,
2004-08-19,
2004-08-20,
2004-08-21,
2004-08-22,
2004-08-23,
2004-08-24,
2004-08-25,
2004-08-26,
2004-08-27,
2004-08-28,
2004-08-29,
2004-08-30,
2004-08-31,
2004-09-01,
2004-09-02,
2004-09-03,
2004-09-04,
2004-09-05,
2004-09-06,
2004-09-07,
2004-09-08,
2004-09-09,
2004-09-10,
2004-09-11,
2004-09-12,
2004-09-13,
2004-09-14,
2004-09-15,
2004-09-16,
2004-09-17,
2004-09-18,
2004-09-19,
2004-09-20,
2004-09-21,
2004-09-22,
2004-09-23,
2004-09-24,
2004-09-25,
2004-09-26,
2004-09-27,
2004-09-28,
2004-09-29,
2004-09-30,
2004-10-01,
2004-10-02,
2004-10-03,
2004-10-04,
2004-10-05,
2004-10-06,
2004-10-07,
2004-10-08,
2004-10-09,
2004-10-10,
2004-10-11,
2004-10-12,
2004-10-13,
2004-10-14,
2004-10-15,
2004-10-16,
2004-10-17,
2004-10-18,
2004-10-19,
2004-10-20,
2004-10-21,
2004-10-22,
2004-10-23,
2004-10-24,
2004-10-25,
2004-10-26,
2004-10-27,
2004-10-28,
2004-10-29,
2004-10-30,
2004-10-31,
2004-11-01,
2004-11-02,
2004-11-03,
2004-11-04,
2004-11-05,
2004-11-06,
2004-11-07,
2004-11-08,
2004-11-09,
2004-11-10,
2004-11-11,
2004-11-12,
2004-11-13,
2004-11-14,
2004-11-15,
2004-11-16,
2004-11-17,
2004-11-18,
2004-11-19,
2004-11-20,
2004-11-21,
2004-11-22,
2004-11-23,
2004-11-24,
2004-11-25,
2004-11-26,
2004-11-27,
2004-11-28,
2004-11-29,
2004-11-30,
2004-12-01,
2004-12-02,
2004-12-03,
2004-12-04,
2004-12-05,
2004-12-06,
2004-12-07,
2004-12-08,
2004-12-09,
2004-12-10,
2004-12-11,
2004-12-12,
2004-12-13,
2004-12-14,
2004-12-15,
2004-12-16,
2004-12-17,
2004-12-18,
2004-12-19,
2004-12-20,
2004-12-21,
2004-12-22,
2004-12-23,
2004-12-24,
2004-12-25,
2004-12-26,
2004-12-27,
2004-12-28,
2004-12-29,
2004-12-30,
2004-12-31,
2005-01-01,
2005-01-02,
2005-01-03,
2005-01-04,
2005-01-05,
2005-01-06,
2005-01-07,
2005-01-08,
2005-01-09,
2005-01-10,
2005-01-11,
2005-01-12,
2005-01-13,
2005-01-14,
2005-01-15,
2005-01-16,
2005-01-17,
2005-01-18,
2005-01-19,
2005-01-20,
2005-01-21,
2005-01-22,
2005-01-23,
2005-01-24,
2005-01-25,
2005-01-26,
2005-01-27,
2005-01-28,
2005-01-29,
2005-01-30,
2005-01-31,
2005-02-01,
2005-02-02,
2005-02-03,
2005-02-04,
2005-02-05,
2005-02-06,
2005-02-07,
2005-02-08,
2005-02-09,
2005-02-10,
2005-02-11,
2005-02-12,
2005-02-13,
2005-02-14,
2005-02-15,
2005-02-16,
2005-02-17,
2005-02-18,
2005-02-19,
2005-02-20,
2005-02-21,
2005-02-22,
2005-02-23,
2005-02-24,
2005-02-25,
2005-02-26,
2005-02-27,
2005-02-28,
2005-03-01,
2005-03-02,
2005-03-03,
2005-03-04,
2005-03-05,
2005-03-06,
2005-03-07,
2005-03-08,
2005-03-09,
2005-03-10,
2005-03-11,
2005-03-12,
2005-03-13,
2005-03-14,
2005-03-15,
2005-03-16,
2005-03-17,
2005-03-18,
2005-03-19,
2005-03-20,
2005-03-21,
2005-03-22,
2005-03-23,
2005-03-24,
2005-03-25,
2005-03-26,
2005-03-27,
2005-03-28,
2005-03-29,
2005-03-30,
2005-03-31,
2005-04-01,
2005-04-02,
2005-04-03,
2005-04-04,
2005-04-05,
2005-04-06,
2005-04-07,
2005-04-08,
2005-04-09,
2005-04-10,
2005-04-11,
2005-04-12,
2005-04-13,
2005-04-14,
2005-04-15,
2005-04-16,
2005-04-17,
2005-04-18,
2005-04-19,
2005-04-20,
2005-04-21,
2005-04-22,
2005-04-23,
2005-04-24,
2005-04-25,
2005-04-26,
2005-04-27,
2005-04-28,
2005-04-29,
2005-04-30,
2005-05-01,
2005-05-02,
2005-05-03,
2005-05-04,
2005-05-05,
2005-05-06,
2005-05-07,
2005-05-08,
2005-05-09,
2005-05-10,
2005-05-11,
2005-05-12,
2005-05-13,
2005-05-14,
2005-05-15,
2005-05-16,
2005-05-17,
2005-05-18,
2005-05-19,
2005-05-20,
2005-05-21,
2005-05-22,
2005-05-23,
2005-05-24,
2005-05-25,
2005-05-26,
2005-05-27,
2005-05-28,
2005-05-29,
2005-05-30,
2005-05-31,
2005-06-01,
2005-06-02,
2005-06-03,
2005-06-04,
2005-06-05,
2005-06-06,
2005-06-07,
2005-06-08,
2005-06-09,
2005-06-10,
2005-06-11,
2005-06-12,
2005-06-13,
2005-06-14,
2005-06-15,
2005-06-16,
2005-06-17,
2005-06-18,
2005-06-19,
2005-06-20,
2005-06-21,
2005-06-22,
2005-06-23,
2005-06-24,
2005-06-25,
2005-06-26,
2005-06-27,
2005-06-28,
2005-06-29,
2005-06-30,
2005-07-01,
2005-07-02,
2005-07-03,
2005-07-04,
2005-07-05,
2005-07-06,
2005-07-07,
2005-07-08,
2005-07-09,
2005-07-10,
2005-07-11,
2005-07-12,
2005-07-13,
2005-07-14,
2005-07-15,
2005-07-16,
2005-07-17,
2005-07-18,
2005-07-19,
2005-07-20,
2005-07-21,
2005-07-22,
2005-07-23,
2005-07-24,
2005-07-25,
2005-07-26,
2005-07-27,
2005-07-28,
2005-07-29,
2005-07-30,
2005-07-31,
2005-08-01,
2005-08-02,
2005-08-03,
2005-08-04,
2005-08-05,
2005-08-06,
2005-08-07,
2005-08-08,
2005-08-09,
2005-08-10,
2005-08-11,
2005-08-12,
2005-08-13,
2005-08-14,
2005-08-15,
2005-08-16,
2005-08-17,
2005-08-18,
2005-08-19,
2005-08-20,
2005-08-21,
2005-08-22,
2005-08-23,
2005-08-24,
2005-08-25,
2005-08-26,
2005-08-27,
2005-08-28,
2005-08-29,
2005-08-30,
2005-08-31,
2005-09-01,
2005-09-02,
2005-09-03,
2005-09-04,
2005-09-05,
2005-09-06,
2005-09-07,
2005-09-08,
2005-09-09,
2005-09-10,
2005-09-11,
2005-09-12,
2005-09-13,
2005-09-14,
2005-09-15,
2005-09-16,
2005-09-17,
2005-09-18,
2005-09-19,
2005-09-20,
2005-09-21,
2005-09-22,
2005-09-23,
2005-09-24,
2005-09-25,
2005-09-26,
2005-09-27,
2005-09-28,
2005-09-29,
2005-09-30,
2005-10-01,
2005-10-02,
2005-10-03,
2005-10-04,
2005-10-05,
2005-10-06,
2005-10-07,
2005-10-08,
2005-10-09,
2005-10-10,
2005-10-11,
2005-10-12,
2005-10-13,
2005-10-14,
2005-10-15,
2005-10-16,
2005-10-17,
2005-10-18,
2005-10-19,
2005-10-20,
2005-10-21,
2005-10-22,
2005-10-23,
2005-10-24,
2005-10-25,
2005-10-26,
2005-10-27,
2005-10-28,
2005-10-29,
2005-10-30,
2005-10-31,
2005-11-01,
2005-11-02,
2005-11-03,
2005-11-04,
2005-11-05,
2005-11-06,
2005-11-07,
2005-11-08,
2005-11-09,
2005-11-10,
2005-11-11,
2005-11-12,
2005-11-13,
2005-11-14,
2005-11-15,
2005-11-16,
2005-11-17,
2005-11-18,
2005-11-19,
2005-11-20,
2005-11-21,
2005-11-22,
2005-11-23,
2005-11-24,
2005-11-25,
2005-11-26,
2005-11-27,
2005-11-28,
2005-11-29,
2005-11-30,
2005-12-01,
2005-12-02,
2005-12-03,
2005-12-04,
2005-12-05,
2005-12-06,
2005-12-07,
2005-12-08,
2005-12-09,
2005-12-10,
2005-12-11,
2005-12-12,
2005-12-13,
2005-12-14,
2005-12-15,
2005-12-16,
2005-12-17,
2005-12-18,
2005-12-19,
2005-12-20,
2005-12-21,
2005-12-22,
2005-12-23,
2005-12-24,
2005-12-25,
2005-12-26,
2005-12-27,
2005-12-28,
2005-12-29,
2005-12-30,
2005-12-31,
2006-01-01,
2006-01-02,
2006-01-03,
2006-01-04,
2006-01-05,
2006-01-06,
2006-01-07,
2006-01-08,
2006-01-09,
2006-01-10,
2006-01-11,
2006-01-12,
2006-01-13,
2006-01-14,
2006-01-15,
2006-01-16,
2006-01-17,
2006-01-18,
2006-01-19,
2006-01-20,
2006-01-21,
2006-01-22,
2006-01-23,
2006-01-24,
2006-01-25,
2006-01-26,
2006-01-27,
2006-01-28,
2006-01-29,
2006-01-30,
2006-01-31,
2006-02-01,
2006-02-02,
2006-02-03,
2006-02-04,
2006-02-05,
2006-02-06,
2006-02-07,
2006-02-08,
2006-02-09,
2006-02-10,
2006-02-11,
2006-02-12,
2006-02-13,
2006-02-14,
2006-02-15,
2006-02-16,
2006-02-17,
2006-02-18,
2006-02-19,
2006-02-20,
2006-02-21,
2006-02-22,
2006-02-23,
2006-02-24,
2006-02-25,
2006-02-26,
2006-02-27,
2006-02-28,
2006-03-01,
2006-03-02,
2006-03-03,
2006-03-04,
2006-03-05,
2006-03-06,
2006-03-07,
2006-03-08,
2006-03-09,
2006-03-10,
2006-03-11,
2006-03-12,
2006-03-13,
2006-03-14,
2006-03-15,
2006-03-16,
2006-03-17,
2006-03-18,
2006-03-19,
2006-03-20,
2006-03-21,
2006-03-22,
2006-03-23,
2006-03-24,
2006-03-25,
2006-03-26,
2006-03-27,
2006-03-28,
2006-03-29,
2006-03-30,
2006-03-31,
2006-04-01,
2006-04-02,
2006-04-03,
2006-04-04,
2006-04-05,
2006-04-06,
2006-04-07,
2006-04-08,
2006-04-09,
2006-04-10,
2006-04-11,
2006-04-12,
2006-04-13,
2006-04-14,
2006-04-15,
2006-04-16,
2006-04-17,
2006-04-18,
2006-04-19,
2006-04-20,
2006-04-21,
2006-04-22,
2006-04-23,
2006-04-24,
2006-04-25,
2006-04-26,
2006-04-27,
2006-04-28,
2006-04-29,
2006-04-30,
2006-05-01,
2006-05-02,
2006-05-03,
2006-05-04,
2006-05-05,
2006-05-06,
2006-05-07,
2006-05-08,
2006-05-09,
2006-05-10,
2006-05-11,
2006-05-12,
2006-05-13,
2006-05-14,
2006-05-15,
2006-05-16,
2006-05-17,
2006-05-18,
2006-05-19,
2006-05-20,
2006-05-21,
2006-05-22,
2006-05-23,
2006-05-24,
2006-05-25,
2006-05-26,
2006-05-27,
2006-05-28,
2006-05-29,
2006-05-30,
2006-05-31,
2006-06-01,
2006-06-02,
2006-06-03,
2006-06-04,
2006-06-05,
2006-06-06,
2006-06-07,
2006-06-08,
2006-06-09,
2006-06-10,
2006-06-11,
2006-06-12,
2006-06-13,
2006-06-14,
2006-06-15,
2006-06-16,
2006-06-17,
2006-06-18,
2006-06-19,
2006-06-20,
2006-06-21,
2006-06-22,
2006-06-23,
2006-06-24,
2006-06-25,
2006-06-26,
2006-06-27,
2006-06-28,
2006-06-29,
2006-06-30,
2006-07-01,
2006-07-02,
2006-07-03,
2006-07-04,
2006-07-05,
2006-07-06,
2006-07-07,
2006-07-08,
2006-07-09,
2006-07-10,
2006-07-11,
2006-07-12,
2006-07-13,
2006-07-14,
2006-07-15,
2006-07-16,
2006-07-17,
2006-07-18,
2006-07-19,
2006-07-20,
2006-07-21,
2006-07-22,
2006-07-23,
2006-07-24,
2006-07-25,
2006-07-26,
2006-07-27,
2006-07-28,
2006-07-29,
2006-07-30,
2006-07-31,
2006-08-01,
2006-08-02,
2006-08-03,
2006-08-04,
2006-08-05,
2006-08-06,
2006-08-07,
2006-08-08,
2006-08-09,
2006-08-10,
2006-08-11,
2006-08-12,
2006-08-13,
2006-08-14,
2006-08-15,
2006-08-16,
2006-08-17,
2006-08-18,
2006-08-19,
2006-08-20,
2006-08-21,
2006-08-22,
2006-08-23,
2006-08-24,
2006-08-25,
2006-08-26,
2006-08-27,
2006-08-28,
2006-08-29,
2006-08-30,
2006-08-31,
2006-09-01,
2006-09-02,
2006-09-03,
2006-09-04,
2006-09-05,
2006-09-06,
2006-09-07,
2006-09-08,
2006-09-09,
2006-09-10,
2006-09-11,
2006-09-12,
2006-09-13,
2006-09-14,
2006-09-15,
2006-09-16,
2006-09-17,
2006-09-18,
2006-09-19,
2006-09-20,
2006-09-21,
2006-09-22,
2006-09-23,
2006-09-24,
2006-09-25,
2006-09-26,
2006-09-27,
2006-09-28,
2006-09-29,
2006-09-30,
2006-10-01,
2006-10-02,
2006-10-03,
2006-10-04,
2006-10-05,
2006-10-06,
2006-10-07,
2006-10-08,
2006-10-09,
2006-10-10,
2006-10-11,
2006-10-12,
2006-10-13,
2006-10-14,
2006-10-15,
2006-10-16,
2006-10-17,
2006-10-18,
2006-10-19,
2006-10-20,
2006-10-21,
2006-10-22,
2006-10-23,
2006-10-24,
2006-10-25,
2006-10-26,
2006-10-27,
2006-10-28,
2006-10-29,
2006-10-30,
2006-10-31,
2006-11-01,
2006-11-02,
2006-11-03,
2006-11-04,
2006-11-05,
2006-11-06,
2006-11-07,
2006-11-08,
2006-11-09,
2006-11-10,
2006-11-11,
2006-11-12,
2006-11-13,
2006-11-14,
2006-11-15,
2006-11-16,
2006-11-17,
2006-11-18,
2006-11-19,
2006-11-20,
2006-11-21,
2006-11-22,
2006-11-23,
2006-11-24,
2006-11-25,
2006-11-26,
2006-11-27,
2006-11-28,
2006-11-29,
2006-11-30,
2006-12-01,
2006-12-02,
2006-12-03,
2006-12-04,
2006-12-05,
2006-12-06,
2006-12-07,
2006-12-08,
2006-12-09,
2006-12-10,
2006-12-11,
2006-12-12,
2006-12-13,
2006-12-14,
2006-12-15,
2006-12-16,
2006-12-17,
2006-12-18,
2006-12-19,
2006-12-20,
2006-12-21,
2006-12-22,
2006-12-23,
2006-12-24,
2006-12-25,
2006-12-26,
2006-12-27,
2006-12-28,
2006-12-29,
2006-12-30,
2006-12-31,
2007-01-01,
2007-01-02,
2007-01-03,
2007-01-04,
2007-01-05,
2007-01-06,
2007-01-07,
2007-01-08,
2007-01-09,
2007-01-10,
2007-01-11,
2007-01-12,
2007-01-13,
2007-01-14,
2007-01-15,
2007-01-16,
2007-01-17,
2007-01-18,
2007-01-19,
2007-01-20,
2007-01-21,
2007-01-22,
2007-01-23,
2007-01-24,
2007-01-25,
2007-01-26,
2007-01-27,
2007-01-28,
2007-01-29,
2007-01-30,
2007-01-31,
2007-02-01,
2007-02-02,
2007-02-03,
2007-02-04,
2007-02-05,
2007-02-06,
2007-02-07,
2007-02-08,
2007-02-09,
2007-02-10,
2007-02-11,
2007-02-12,
2007-02-13,
2007-02-14,
2007-02-15,
2007-02-16,
2007-02-17,
2007-02-18,
2007-02-19,
2007-02-20,
2007-02-21,
2007-02-22,
2007-02-23,
2007-02-24,
2007-02-25,
2007-02-26,
2007-02-27,
2007-02-28,
2007-03-01,
2007-03-02,
2007-03-03,
2007-03-04,
2007-03-05,
2007-03-06,
2007-03-07,
2007-03-08,
2007-03-09,
2007-03-10,
2007-03-11,
2007-03-12,
2007-03-13,
2007-03-14,
2007-03-15,
2007-03-16,
2007-03-17,
2007-03-18,
2007-03-19,
2007-03-20,
2007-03-21,
2007-03-22,
2007-03-23,
2007-03-24,
2007-03-25,
2007-03-26,
2007-03-27,
2007-03-28,
2007-03-29,
2007-03-30,
2007-03-31,
2007-04-01,
2007-04-02,
2007-04-03,
2007-04-04,
2007-04-05,
2007-04-06,
2007-04-07,
2007-04-08,
2007-04-09,
2007-04-10,
2007-04-11,
2007-04-12,
2007-04-13,
2007-04-14,
2007-04-15,
2007-04-16,
2007-04-17,
2007-04-18,
2007-04-19,
2007-04-20,
2007-04-21,
2007-04-22,
2007-04-23,
2007-04-24,
2007-04-25,
2007-04-26,
2007-04-27,
2007-04-28,
2007-04-29,
2007-04-30,
2007-05-01,
2007-05-02,
2007-05-03,
2007-05-04,
2007-05-05,
2007-05-06,
2007-05-07,
2007-05-08,
2007-05-09,
2007-05-10,
2007-05-11,
2007-05-12,
2007-05-13,
2007-05-14,
2007-05-15,
2007-05-16,
2007-05-17,
2007-05-18,
2007-05-19,
2007-05-20,
2007-05-21,
2007-05-22,
2007-05-23,
2007-05-24,
2007-05-25,
2007-05-26,
2007-05-27,
2007-05-28,
2007-05-29,
2007-05-30,
2007-05-31,
2007-06-01,
2007-06-02,
2007-06-03,
2007-06-04,
2007-06-05,
2007-06-06,
2007-06-07,
2007-06-08,
2007-06-09,
2007-06-10,
2007-06-11,
2007-06-12,
2007-06-13,
2007-06-14,
2007-06-15,
2007-06-16,
2007-06-17,
2007-06-18,
2007-06-19,
2007-06-20,
2007-06-21,
2007-06-22,
2007-06-23,
2007-06-24,
2007-06-25,
2007-06-26,
2007-06-27,
2007-06-28,
2007-06-29,
2007-06-30,
2007-07-01,
2007-07-02,
2007-07-03,
2007-07-04,
2007-07-05,
2007-07-06,
2007-07-07,
2007-07-08,
2007-07-09,
2007-07-10,
2007-07-11,
2007-07-12,
2007-07-13,
2007-07-14,
2007-07-15,
2007-07-16,
2007-07-17,
2007-07-18,
2007-07-19,
2007-07-20,
2007-07-21,
2007-07-22,
2007-07-23,
2007-07-24,
2007-07-25,
2007-07-26,
2007-07-27,
2007-07-28,
2007-07-29,
2007-07-30,
2007-07-31,
2007-08-01,
2007-08-02,
2007-08-03,
2007-08-04,
2007-08-05,
2007-08-06,
2007-08-07,
2007-08-08,
2007-08-09,
2007-08-10,
2007-08-11,
2007-08-12,
2007-08-13,
2007-08-14,
2007-08-15,
2007-08-16,
2007-08-17,
2007-08-18,
2007-08-19,
2007-08-20,
2007-08-21,
2007-08-22,
2007-08-23,
2007-08-24,
2007-08-25,
2007-08-26,
2007-08-27,
2007-08-28,
2007-08-29,
2007-08-30,
2007-08-31,
2007-09-01,
2007-09-02,
2007-09-03,
2007-09-04,
2007-09-05,
2007-09-06,
2007-09-07,
2007-09-08,
2007-09-09,
2007-09-10,
2007-09-11,
2007-09-12,
2007-09-13,
2007-09-14,
2007-09-15,
2007-09-16,
2007-09-17,
2007-09-18,
2007-09-19,
2007-09-20,
2007-09-21,
2007-09-22,
2007-09-23,
2007-09-24,
2007-09-25,
2007-09-26,
2007-09-27,
2007-09-28,
2007-09-29,
2007-09-30,
2007-10-01,
2007-10-02,
2007-10-03,
2007-10-04,
2007-10-05,
2007-10-06,
2007-10-07,
2007-10-08,
2007-10-09,
2007-10-10,
2007-10-11,
2007-10-12,
2007-10-13,
2007-10-14,
2007-10-15,
2007-10-16,
2007-10-17,
2007-10-18,
2007-10-19,
2007-10-20,
2007-10-21,
2007-10-22,
2007-10-23,
2007-10-24,
2007-10-25,
2007-10-26,
2007-10-27,
2007-10-28,
2007-10-29,
2007-10-30,
2007-10-31,
2007-11-01,
2007-11-02,
2007-11-03,
2007-11-04,
2007-11-05,
2007-11-06,
2007-11-07,
2007-11-08,
2007-11-09,
2007-11-10,
2007-11-11,
2007-11-12,
2007-11-13,
2007-11-14,
2007-11-15,
2007-11-16,
2007-11-17,
2007-11-18,
2007-11-19,
2007-11-20,
2007-11-21,
2007-11-22,
2007-11-23,
2007-11-24,
2007-11-25,
2007-11-26,
2007-11-27,
2007-11-28,
2007-11-29,
2007-11-30,
2007-12-01,
2007-12-02,
2007-12-03,
2007-12-04,
2007-12-05,
2007-12-06,
2007-12-07,
2007-12-08,
2007-12-09,
2007-12-10,
2007-12-11,
2007-12-12,
2007-12-13,
2007-12-14,
2007-12-15,
2007-12-16,
2007-12-17,
2007-12-18,
2007-12-19,
2007-12-20,
2007-12-21,
2007-12-22,
2007-12-23,
2007-12-24,
2007-12-25,
2007-12-26,
2007-12-27,
2007-12-28,
2007-12-29,
2007-12-30,
2007-12-31,
2008-01-01,
2008-01-02,
2008-01-03,
2008-01-04,
2008-01-05,
2008-01-06,
2008-01-07,
2008-01-08,
2008-01-09,
2008-01-10,
2008-01-11,
2008-01-12,
2008-01-13,
2008-01-14,
2008-01-15,
2008-01-16,
2008-01-17,
2008-01-18,
2008-01-19,
2008-01-20,
2008-01-21,
2008-01-22,
2008-01-23,
2008-01-24,
2008-01-25,
2008-01-26,
2008-01-27,
2008-01-28,
2008-01-29,
2008-01-30,
2008-01-31,
2008-02-01,
2008-02-02,
2008-02-03,
2008-02-04,
2008-02-05,
2008-02-06,
2008-02-07,
2008-02-08,
2008-02-09,
2008-02-10,
2008-02-11,
2008-02-12,
2008-02-13,
2008-02-14,
2008-02-15,
2008-02-16,
2008-02-17,
2008-02-18,
2008-02-19,
2008-02-20,
2008-02-21,
2008-02-22,
2008-02-23,
2008-02-24,
2008-02-25,
2008-02-26,
2008-02-27,
2008-02-28,
2008-02-29,
2008-03-01,
2008-03-02,
2008-03-03,
2008-03-04,
2008-03-05,
2008-03-06,
2008-03-07,
2008-03-08,
2008-03-09,
2008-03-10,
2008-03-11,
2008-03-12,
2008-03-13,
2008-03-14,
2008-03-15,
2008-03-16,
2008-03-17,
2008-03-18,
2008-03-19,
2008-03-20,
2008-03-21,
2008-03-22,
2008-03-23,
2008-03-24,
2008-03-25,
2008-03-26,
2008-03-27,
2008-03-28,
2008-03-29,
2008-03-30,
2008-03-31,
2008-04-01,
2008-04-02,
2008-04-03,
2008-04-04,
2008-04-05,
2008-04-06,
2008-04-07,
2008-04-08,
2008-04-09,
2008-04-10,
2008-04-11,
2008-04-12,
2008-04-13,
2008-04-14,
2008-04-15,
2008-04-16,
2008-04-17,
2008-04-18,
2008-04-19,
2008-04-20,
2008-04-21,
2008-04-22,
2008-04-23,
2008-04-24,
2008-04-25,
2008-04-26,
2008-04-27,
2008-04-28,
2008-04-29,
2008-04-30,
2008-05-01,
2008-05-02,
2008-05-03,
2008-05-04,
2008-05-05,
2008-05-06,
2008-05-07,
2008-05-08,
2008-05-09,
2008-05-10,
2008-05-11,
2008-05-12,
2008-05-13,
2008-05-14,
2008-05-15,
2008-05-16,
2008-05-17,
2008-05-18,
2008-05-19,
2008-05-20,
2008-05-21,
2008-05-22,
2008-05-23,
2008-05-24,
2008-05-25,
2008-05-26,
2008-05-27,
2008-05-28,
2008-05-29,
2008-05-30,
2008-05-31,
2008-06-01,
2008-06-02,
2008-06-03,
2008-06-04,
2008-06-05,
2008-06-06,
2008-06-07,
2008-06-08,
2008-06-09,
2008-06-10,
2008-06-11,
2008-06-12,
2008-06-13,
2008-06-14,
2008-06-15,
2008-06-16,
2008-06-17,
2008-06-18,
2008-06-19,
2008-06-20,
2008-06-21,
2008-06-22,
2008-06-23,
2008-06-24,
2008-06-25,
2008-06-26,
2008-06-27,
2008-06-28,
2008-06-29,
2008-06-30,
2008-07-01,
2008-07-02,
2008-07-03,
2008-07-04,
2008-07-05,
2008-07-06,
2008-07-07,
2008-07-08,
2008-07-09,
2008-07-10,
2008-07-11,
2008-07-12,
2008-07-13,
2008-07-14,
2008-07-15,
2008-07-16,
2008-07-17,
2008-07-18,
2008-07-19,
2008-07-20,
2008-07-21,
2008-07-22,
2008-07-23,
2008-07-24,
2008-07-25,
2008-07-26,
2008-07-27,
2008-07-28,
2008-07-29,
2008-07-30,
2008-07-31,
2008-08-01,
2008-08-02,
2008-08-03,
2008-08-04,
2008-08-05,
2008-08-06,
2008-08-07,
2008-08-08,
2008-08-09,
2008-08-10,
2008-08-11,
2008-08-12,
2008-08-13,
2008-08-14,
2008-08-15,
2008-08-16,
2008-08-17,
2008-08-18,
2008-08-19,
2008-08-20,
2008-08-21,
2008-08-22,
2008-08-23,
2008-08-24,
2008-08-25,
2008-08-26,
2008-08-27,
2008-08-28,
2008-08-29,
2008-08-30,
2008-08-31,
2008-09-01,
2008-09-02,
2008-09-03,
2008-09-04,
2008-09-05,
2008-09-06,
2008-09-07,
2008-09-08,
2008-09-09,
2008-09-10,
2008-09-11,
2008-09-12,
2008-09-13,
2008-09-14,
2008-09-15,
2008-09-16,
2008-09-17,
2008-09-18,
2008-09-19,
2008-09-20,
2008-09-21,
2008-09-22,
2008-09-23,
2008-09-24,
2008-09-25,
2008-09-26,
2008-09-27,
2008-09-28,
2008-09-29,
2008-09-30,
2008-10-01,
2008-10-02,
2008-10-03,
2008-10-04,
2008-10-05,
2008-10-06,
2008-10-07,
2008-10-08,
2008-10-09,
2008-10-10,
2008-10-11,
2008-10-12,
2008-10-13,
2008-10-14,
2008-10-15,
2008-10-16,
2008-10-17,
2008-10-18,
2008-10-19,
2008-10-20,
2008-10-21,
2008-10-22,
2008-10-23,
2008-10-24,
2008-10-25,
2008-10-26,
2008-10-27,
2008-10-28,
2008-10-29,
2008-10-30,
2008-10-31,
2008-11-01,
2008-11-02,
2008-11-03,
2008-11-04,
2008-11-05,
2008-11-06,
2008-11-07,
2008-11-08,
2008-11-09,
2008-11-10,
2008-11-11,
2008-11-12,
2008-11-13,
2008-11-14,
2008-11-15,
2008-11-16,
2008-11-17,
2008-11-18,
2008-11-19,
2008-11-20,
2008-11-21,
2008-11-22,
2008-11-23,
2008-11-24,
2008-11-25,
2008-11-26,
2008-11-27,
2008-11-28,
2008-11-29,
2008-11-30,
2008-12-01,
2008-12-02,
2008-12-03,
2008-12-04,
2008-12-05,
2008-12-06,
2008-12-07,
2008-12-08,
2008-12-09,
2008-12-10,
2008-12-11,
2008-12-12,
2008-12-13,
2008-12-14,
2008-12-15,
2008-12-16,
2008-12-17,
2008-12-18,
2008-12-19,
2008-12-20,
2008-12-21,
2008-12-22,
2008-12-23,
2008-12-24,
2008-12-25,
2008-12-26,
2008-12-27,
2008-12-28,
2008-12-29,
2008-12-30,
2008-12-31,
2009-01-01,
2009-01-02,
2009-01-03,
2009-01-04,
2009-01-05,
2009-01-06,
2009-01-07,
2009-01-08,
2009-01-09,
2009-01-10,
2009-01-11,
2009-01-12,
2009-01-13,
2009-01-14,
2009-01-15,
2009-01-16,
2009-01-17,
2009-01-18,
2009-01-19,
2009-01-20,
2009-01-21,
2009-01-22,
2009-01-23,
2009-01-24,
2009-01-25,
2009-01-26,
2009-01-27,
2009-01-28,
2009-01-29,
2009-01-30,
2009-01-31,
2009-02-01,
2009-02-02,
2009-02-03,
2009-02-04,
2009-02-05,
2009-02-06,
2009-02-07,
2009-02-08,
2009-02-09,
2009-02-10,
2009-02-11,
2009-02-12,
2009-02-13,
2009-02-14,
2009-02-15,
2009-02-16,
2009-02-17,
2009-02-18,
2009-02-19,
2009-02-20,
2009-02-21,
2009-02-22,
2009-02-23,
2009-02-24,
2009-02-25,
2009-02-26,
2009-02-27,
2009-02-28,
2009-03-01,
2009-03-02,
2009-03-03,
2009-03-04,
2009-03-05,
2009-03-06,
2009-03-07,
2009-03-08,
2009-03-09,
2009-03-10,
2009-03-11,
2009-03-12,
2009-03-13,
2009-03-14,
2009-03-15,
2009-03-16,
2009-03-17,
2009-03-18,
2009-03-19,
2009-03-20,
2009-03-21,
2009-03-22,
2009-03-23,
2009-03-24,
2009-03-25,
2009-03-26,
2009-03-27,
2009-03-28,
2009-03-29,
2009-03-30,
2009-03-31,
2009-04-01,
2009-04-02,
2009-04-03,
2009-04-04,
2009-04-05,
2009-04-06,
2009-04-07,
2009-04-08,
2009-04-09,
2009-04-10,
2009-04-11,
2009-04-12,
2009-04-13,
2009-04-14,
2009-04-15,
2009-04-16,
2009-04-17,
2009-04-18,
2009-04-19,
2009-04-20,
2009-04-21,
2009-04-22,
2009-04-23,
2009-04-24,
2009-04-25,
2009-04-26,
2009-04-27,
2009-04-28,
2009-04-29,
2009-04-30,
2009-05-01,
2009-05-02,
2009-05-03,
2009-05-04,
2009-05-05,
2009-05-06,
2009-05-07,
2009-05-08,
2009-05-09,
2009-05-10,
2009-05-11,
2009-05-12,
2009-05-13,
2009-05-14,
2009-05-15,
2009-05-16,
2009-05-17,
2009-05-18,
2009-05-19,
2009-05-20,
2009-05-21,
2009-05-22,
2009-05-23,
2009-05-24,
2009-05-25,
2009-05-26,
2009-05-27,
2009-05-28,
2009-05-29,
2009-05-30,
2009-05-31,
2009-06-01,
2009-06-02,
2009-06-03,
2009-06-04,
2009-06-05,
2009-06-06,
2009-06-07,
2009-06-08,
2009-06-09,
2009-06-10,
2009-06-11,
2009-06-12,
2009-06-13,
2009-06-14,
2009-06-15,
2009-06-16,
2009-06-17,
2009-06-18,
2009-06-19,
2009-06-20,
2009-06-21,
2009-06-22,
2009-06-23,
2009-06-24,
2009-06-25,
2009-06-26,
2009-06-27,
2009-06-28,
2009-06-29,
2009-06-30,
2009-07-01,
2009-07-02,
2009-07-03,
2009-07-04,
2009-07-05,
2009-07-06,
2009-07-07,
2009-07-08,
2009-07-09,
2009-07-10,
2009-07-11,
2009-07-12,
2009-07-13,
2009-07-14,
2009-07-15,
2009-07-16,
2009-07-17,
2009-07-18,
2009-07-19,
2009-07-20,
2009-07-21,
2009-07-22,
2009-07-23,
2009-07-24,
2009-07-25,
2009-07-26,
2009-07-27,
2009-07-28,
2009-07-29,
2009-07-30,
2009-07-31,
2009-08-01,
2009-08-02,
2009-08-03,
2009-08-04,
2009-08-05,
2009-08-06,
2009-08-07,
2009-08-08,
2009-08-09,
2009-08-10,
2009-08-11,
2009-08-12,
2009-08-13,
2009-08-14,
2009-08-15,
2009-08-16,
2009-08-17,
2009-08-18,
2009-08-19,
2009-08-20,
2009-08-21,
2009-08-22,
2009-08-23,
2009-08-24,
2009-08-25,
2009-08-26,
2009-08-27,
2009-08-28,
2009-08-29,
2009-08-30,
2009-08-31,
2009-09-01,
2009-09-02,
2009-09-03,
2009-09-04,
2009-09-05,
2009-09-06,
2009-09-07,
2009-09-08,
2009-09-09,
2009-09-10,
2009-09-11,
2009-09-12,
2009-09-13,
2009-09-14,
2009-09-15,
2009-09-16,
2009-09-17,
2009-09-18,
2009-09-19,
2009-09-20,
2009-09-21,
2009-09-22,
2009-09-23,
2009-09-24,
2009-09-25,
2009-09-26,
2009-09-27,
2009-09-28,
2009-09-29,
2009-09-30,
2009-10-01,
2009-10-02,
2009-10-03,
2009-10-04,
2009-10-05,
2009-10-06,
2009-10-07,
2009-10-08,
2009-10-09,
2009-10-10,
2009-10-11,
2009-10-12,
2009-10-13,
2009-10-14,
2009-10-15,
2009-10-16,
2009-10-17,
2009-10-18,
2009-10-19,
2009-10-20,
2009-10-21,
2009-10-22,
2009-10-23,
2009-10-24,
2009-10-25,
2009-10-26,
2009-10-27,
2009-10-28,
2009-10-29,
2009-10-30,
2009-10-31,
2009-11-01,
2009-11-02,
2009-11-03,
2009-11-04,
2009-11-05,
2009-11-06,
2009-11-07,
2009-11-08,
2009-11-09,
2009-11-10,
2009-11-11,
2009-11-12,
2009-11-13,
2009-11-14,
2009-11-15,
2009-11-16,
2009-11-17,
2009-11-18,
2009-11-19,
2009-11-20,
2009-11-21,
2009-11-22,
2009-11-23,
2009-11-24,
2009-11-25,
2009-11-26,
2009-11-27,
2009-11-28,
2009-11-29,
2009-11-30,
2009-12-01,
2009-12-02,
2009-12-03,
2009-12-04,
2009-12-05,
2009-12-06,
2009-12-07,
2009-12-08,
2009-12-09,
2009-12-10,
2009-12-11,
2009-12-12,
2009-12-13,
2009-12-14,
2009-12-15,
2009-12-16,
2009-12-17,
2009-12-18,
2009-12-19,
2009-12-20,
2009-12-21,
2009-12-22,
2009-12-23,
2009-12-24,
2009-12-25,
2009-12-26,
2009-12-27,
2009-12-28,
2009-12-29,
2009-12-30,
2009-12-31,
2010-01-01,
2010-01-02,
2010-01-03,
2010-01-04,
2010-01-05,
2010-01-06,
2010-01-07,
2010-01-08,
2010-01-09,
2010-01-10,
2010-01-11,
2010-01-12,
2010-01-13,
2010-01-14,
2010-01-15,
2010-01-16,
2010-01-17,
2010-01-18,
2010-01-19,
2010-01-20,
2010-01-21,
2010-01-22,
2010-01-23,
2010-01-24,
2010-01-25,
2010-01-26,
2010-01-27,
2010-01-28,
2010-01-29,
2010-01-30,
2010-01-31,
2010-02-01,
2010-02-02,
2010-02-03,
2010-02-04,
2010-02-05,
2010-02-06,
2010-02-07,
2010-02-08,
2010-02-09,
2010-02-10,
2010-02-11,
2010-02-12,
2010-02-13,
2010-02-14,
2010-02-15,
2010-02-16,
2010-02-17,
2010-02-18,
2010-02-19,
2010-02-20,
2010-02-21,
2010-02-22,
2010-02-23,
2010-02-24,
2010-02-25,
2010-02-26,
2010-02-27,
2010-02-28,
2010-03-01,
2010-03-02,
2010-03-03,
2010-03-04,
2010-03-05,
2010-03-06,
2010-03-07,
2010-03-08,
2010-03-09,
2010-03-10,
2010-03-11,
2010-03-12,
2010-03-13,
2010-03-14,
2010-03-15,
2010-03-16,
2010-03-17,
2010-03-18,
2010-03-19,
2010-03-20,
2010-03-21,
2010-03-22,
2010-03-23,
2010-03-24,
2010-03-25,
2010-03-26,
2010-03-27,
2010-03-28,
2010-03-29,
2010-03-30,
2010-03-31,
2010-04-01,
2010-04-02,
2010-04-03,
2010-04-04,
2010-04-05,
2010-04-06,
2010-04-07,
2010-04-08,
2010-04-09,
2010-04-10,
2010-04-11,
2010-04-12,
2010-04-13,
2010-04-14,
2010-04-15,
2010-04-16,
2010-04-17,
2010-04-18,
2010-04-19,
2010-04-20,
2010-04-21,
2010-04-22,
2010-04-23,
2010-04-24,
2010-04-25,
2010-04-26,
2010-04-27,
2010-04-28,
2010-04-29,
2010-04-30,
2010-05-01,
2010-05-02,
2010-05-03,
2010-05-04,
2010-05-05,
2010-05-06,
2010-05-07,
2010-05-08,
2010-05-09,
2010-05-10,
2010-05-11,
2010-05-12,
2010-05-13,
2010-05-14,
2010-05-15,
2010-05-16,
2010-05-17,
2010-05-18,
2010-05-19,
2010-05-20,
2010-05-21,
2010-05-22,
2010-05-23,
2010-05-24,
2010-05-25,
2010-05-26,
2010-05-27,
2010-05-28,
2010-05-29,
2010-05-30,
2010-05-31,
2010-06-01,
2010-06-02,
2010-06-03,
2010-06-04,
2010-06-05,
2010-06-06,
2010-06-07,
2010-06-08,
2010-06-09,
2010-06-10,
2010-06-11,
2010-06-12,
2010-06-13,
2010-06-14,
2010-06-15,
2010-06-16,
2010-06-17,
2010-06-18,
2010-06-19,
2010-06-20,
2010-06-21,
2010-06-22,
2010-06-23,
2010-06-24,
2010-06-25,
2010-06-26,
2010-06-27,
2010-06-28,
2010-06-29,
2010-06-30,
2010-07-01,
2010-07-02,
2010-07-03,
2010-07-04,
2010-07-05,
2010-07-06,
2010-07-07,
2010-07-08,
2010-07-09,
2010-07-10,
2010-07-11,
2010-07-12,
2010-07-13,
2010-07-14,
2010-07-15,
2010-07-16,
2010-07-17,
2010-07-18,
2010-07-19,
2010-07-20,
2010-07-21,
2010-07-22,
2010-07-23,
2010-07-24,
2010-07-25,
2010-07-26,
2010-07-27,
2010-07-28,
2010-07-29,
2010-07-30,
2010-07-31,
2010-08-01,
2010-08-02,
2010-08-03,
2010-08-04,
2010-08-05,
2010-08-06,
2010-08-07,
2010-08-08,
2010-08-09,
2010-08-10,
2010-08-11,
2010-08-12,
2010-08-13,
2010-08-14,
2010-08-15,
2010-08-16,
2010-08-17,
2010-08-18,
2010-08-19,
2010-08-20,
2010-08-21,
2010-08-22,
2010-08-23,
2010-08-24,
2010-08-25,
2010-08-26,
2010-08-27,
2010-08-28,
2010-08-29,
2010-08-30,
2010-08-31,
2010-09-01,
2010-09-02,
2010-09-03,
2010-09-04,
2010-09-05,
2010-09-06,
2010-09-07,
2010-09-08,
2010-09-09,
2010-09-10,
2010-09-11,
2010-09-12,
2010-09-13,
2010-09-14,
2010-09-15,
2010-09-16,
2010-09-17,
2010-09-18,
2010-09-19,
2010-09-20,
2010-09-21,
2010-09-22,
2010-09-23,
2010-09-24,
2010-09-25,
2010-09-26,
2010-09-27,
2010-09-28,
2010-09-29,
2010-09-30,
2010-10-01,
2010-10-02,
2010-10-03,
2010-10-04,
2010-10-05,
2010-10-06,
2010-10-07,
2010-10-08,
2010-10-09,
2010-10-10,
2010-10-11,
2010-10-12,
2010-10-13,
2010-10-14,
2010-10-15,
2010-10-16,
2010-10-17,
2010-10-18,
2010-10-19,
2010-10-20,
2010-10-21,
2010-10-22,
2010-10-23,
2010-10-24,
2010-10-25,
2010-10-26,
2010-10-27,
2010-10-28,
2010-10-29,
2010-10-30,
2010-10-31,
2010-11-01,3541.9095503278204
2010-11-02,3500.308815710566
2010-11-03,3541.4302791916807
2010-11-04,3491.9694979416677
2010-11-05,3238.435066921747
2010-11-06,3035.3199594241246
2010-11-07,3045.0273784361966
2010-11-08,3016.6283851145286
2010-11-09,2900.644770167797
2010-11-10,3040.1126707855597
2010-11-11,3087.5605132637747
2010-11-12,2751.5914468271626
2010-11-13,3196.259206941116
2010-11-14,3256.743224322429
2010-11-15,3339.561276648027
2010-11-16,3317.669407977729
2010-11-17,3012.6983617981555
2010-11-18,2708.1694818925603
2010-11-19,2529.209639656571
2010-11-20,2338.268019016994
2010-11-21,2526.909138203082
2010-11-22,2635.032706517061
2010-11-23,2635.224414971518
2010-11-24,2593.6236803542592
2010-11-25,2799.135143532602
2010-11-26,2689.0944906740506
2010-11-27,2658.3252837336354
2010-11-28,2585.4760710398195
2010-11-29,2558.0617620524113
2010-11-30,2847.062257146951
2010-12-01,2886.458344537951
2010-12-02,2837.764397105769
2010-12-03,2770.0913126823066
2010-12-04,2727.052764656617
2010-12-05,2718.138321524349
2010-12-06,2716.8922165703743
2010-12-07,2695.420869671145
2010-12-08,2645.5766715122168
2010-12-09,2909.559213300067
2010-12-10,3047.014175146027
2010-12-11,3126.9566006547648
2010-12-12,3180.7308221300673
2010-12-13,3150.6325947802557
2010-12-14,2957.4863269144184
2010-12-15,2871.4092308630457
2010-12-16,2894.3183911707038
2010-12-17,2906.8752949376644
2010-12-18,3063.213539547676
2010-12-19,3013.656904070442
2010-12-20,2894.2225369434746
2010-12-21,3171.2412536344254
2010-12-22,3090.614731640838
2010-12-23,2853.2927819168194
2010-12-24,2814.4718198891946
2010-12-25,2776.225983224942
2010-12-26,2759.5473476871475
2010-12-27,2750.920467236565
2010-12-28,2782.744070676494
2010-12-29,2697.0503915340337
2010-12-30,2741.7184614226085
2010-12-31,2940.1367117860236
2011-01-01,2977.8074230869065
2011-01-02,2942.4372132395124
2011-01-03,2900.357207486114
2011-01-04,2842.461254239976
2011-01-05,2823.4821172486922
2011-01-06,2870.834105499672
2011-01-07,2831.533872335904
2011-01-08,2836.2307294701113
2011-01-09,2746.894589692959
2011-01-10,2687.752531492848
2011-01-11,2744.4982340122415
2011-01-12,2712.3870678906255
2011-01-13,2739.1303972874343
2011-01-14,2758.780513869319
2011-01-15,2852.5259480989907
2011-01-16,2778.9099015873458
2011-01-17,2830.3836216091595
2011-01-18,2841.5985661949185
2011-01-19,2748.106388923503
2011-01-20,2778.526484678431
2011-01-21,2669.82779100108
2011-01-22,2608.6727940291667
2011-01-23,2476.393960453555
2011-01-24,2462.9743686415372
2011-01-25,2472.3680829099494
2011-01-26,2481.186671814992
2011-01-27,2464.4121820499668
2011-01-28,2464.9873074133393
2011-01-29,2596.0200360349795
2011-01-30,2416.1975057539294
2011-01-31,2420.031674843079
2011-02-01,2462.7826601870797
2011-02-02,2430.000514474863
2011-02-03,2443.5159605141107
2011-02-04,2397.410077217103
2011-02-05,2334.8172668367606
2011-02-06,2276.0586255455664
2011-02-07,2283.9186721783203
2011-02-08,2227.0771154316994
2011-02-09,2247.110648922499
2011-02-10,2180.396106771322
2011-02-11,2162.7589289612406
2011-02-12,2094.4733864753766
2011-02-13,2061.6327192349577
2011-02-14,2033.0681595208048
2011-02-15,2054.8270691017196
2011-02-16,2048.308981650168
2011-02-17,2035.3686609742927
2011-02-18,2065.658596778564
2011-02-19,1969.1333899592587
2011-02-20,1983.5115240435641
2011-02-21,1965.4909293245673
2011-02-22,1971.9131625488913
2011-02-23,1979.8690634088732
2011-02-24,1946.5117923332855
2011-02-25,1986.8664219965694
2011-02-26,1960.5065095086754
2011-02-27,1935.2302542843981
2011-02-28,1927.6285095692303
2011-03-01,1979.9649176361017
2011-03-02,1841.455559290624
2011-03-03,1883.4397108167975
2011-03-04,1942.5817690169074
2011-03-05,1905.9654542155429
2011-03-06,1907.6908303056596
2011-03-07,1998.560637718471
2011-03-08,2023.1951741162475
2011-03-09,2107.1634771685926
2011-03-10,2152.214963966083
2011-03-11,2192.953010538282
2011-03-12,2278.167418544597
2011-03-13,2308.903284884236
2011-03-14,2273.470561410392
2011-03-15,2307.211249394894
2011-03-16,2392.7132200828964
2011-03-17,2363.1901180964574
2011-03-18,2302.514392260689
2011-03-19,2186.051506177815
2011-03-20,2384.853173450145
2011-03-21,2681.367630967551
2011-03-22,2734.8169570621417
2011-03-23,2984.517218992916
2011-03-24,2854.1554699618787
2011-03-25,2740.0889395597205
2011-03-26,2568.7015812747964
2011-03-27,2504.4792490315663
2011-03-28,2411.6923570741806
2011-03-29,2358.8766778711647
2011-03-30,2397.5059314443324
2011-03-31,2374.5967711366716
2011-04-01,2328.4908878396673
2011-04-02,2354.2756749641876
2011-04-03,2465.7541412311693
2011-04-04,2579.1496920427257
2011-04-05,2596.211744489435
2011-04-06,2557.007365552895
2011-04-07,2604.455208031104
2011-04-08,2658.4211379608632
2011-04-09,2755.5214701435425
2011-04-10,3085.739282946422
2011-04-11,3468.1017953617225
2011-04-12,3659.906104046361
2011-04-13,3744.6412409165346
2011-04-14,3707.7373634334876
2011-04-15,3703.6156316626484
2011-04-16,3566.544086725604
2011-04-17,3573.829007994983
2011-04-18,3551.147097596823
2011-04-19,3508.93569616115
2011-04-20,3378.1905302211962
2011-04-21,3354.8979530046213
2011-04-22,3469.3479003156967
2011-04-23,3808.8635731597665
2011-04-24,3817.011182474207
2011-04-25,3749.5298065051998
2011-04-26,4043.5147214156336
2011-04-27,4406.035408794593
2011-04-28,4418.688166788782
2011-04-29,4375.649618763094
2011-04-30,4350.056540093028
2011-05-01,4150.10462209395
2011-05-02,3918.4249548821717
2011-05-03,3796.7859405289496
2011-05-04,3601.243316982395
2011-05-05,3477.9747807662793
2011-05-06,3532.1324191504996
2011-05-07,3501.55492066454
2011-05-08,3481.713095628198
2011-05-09,3376.1775914493933
2011-05-10,3258.4686004125474
2011-05-11,3618.0178067474158
2011-05-12,4141.573595870596
2011-05-13,4437.379741098378
2011-05-14,4364.051257268418
2011-05-15,3998.9425057542853
2011-05-16,3698.3436491650696
2011-05-17,3449.589821604194
2011-05-18,3173.6376093151434
2011-05-19,3096.570810623267
2011-05-20,3254.9219940050834
2011-05-21,3324.60801720035
2011-05-22,3485.930681626263
2011-05-23,3613.2250953859793
2011-05-24,3417.3949091577356
2011-05-25,3261.1525187749485
2011-05-26,2975.4110674061894
2011-05-27,2750.2494876459627
2011-05-28,2630.6234120645404
2011-05-29,2571.768916546115
2011-05-30,2683.2473828130983
2011-05-31,2638.866875606207
2011-06-01,2211.7404390751076
2011-06-02,2107.4510398502784
2011-06-03,2166.5930980503867
2011-06-04,2237.716934654086
2011-06-05,2150.654053550053
2011-06-06,2127.1970106593903
2011-06-07,2219.7921941623176
2011-06-08,2131.606305111911
2011-06-09,1791.898923813385
2011-06-10,1591.5635889053942
2011-06-11,1936.830515383186
2011-06-12,1921.5896932538217
2011-06-13,1964.1489701433663
2011-06-14,1951.1189135951918
2011-06-15,1783.9430229534028
2011-06-16,1818.6422532101926
2011-06-17,1939.0351626094466
2011-06-18,2019.9361303904714
2011-06-19,2320.5349869796855
2011-06-20,2371.8169985470395
2011-06-21,2929.976163699781
2011-06-22,3657.5097483656446
2011-06-23,3930.310879058531
2011-06-24,3969.7069664495293
2011-06-25,3734.6724012847535
2011-06-26,3693.6467920308633
2011-06-27,3574.404133358358
2011-06-28,3389.6930374886406
2011-06-29,3322.2116615196355
2011-06-30,3161.2724140026403
2011-07-01,3057.366431686728
2011-07-02,2856.2642629609095
2011-07-03,2573.9735637723757
2011-07-04,2448.7021787031163
2011-07-05,2435.7517681085856
2011-07-06,2699.4467472147476
2011-07-07,2591.9941584913713
2011-07-08,2403.1613308508267
2011-07-09,2220.654882207377
2011-07-10,2121.1581943439824
2011-07-11,2034.0267017930912
2011-07-12,1773.0156410493303
2011-07-13,1525.615880572046
2011-07-14,1376.083286095269
2011-07-15,1338.3167205671582
2011-07-16,1360.363192829761
2011-07-17,1683.2002301360337
2011-07-18,2623.913616158531
2011-07-19,2775.0757324981946
2011-07-20,3076.441422905239
2011-07-21,2822.3318665219476
2011-07-22,2504.0958321226512
2011-07-23,2406.899645712747
2011-07-24,2302.3226838062315
2011-07-25,2093.648031129345
2011-07-26,2000.3818680358163
2011-07-27,2130.4560543851667
2011-07-28,2296.4755759452805
2011-07-29,2187.968590722388
2011-07-30,2185.1888181327554
2011-07-31,2192.3778851749084
2011-08-01,2044.474812561019
2011-08-02,3146.415008782195
2011-08-03,4105.532406432604
2011-08-04,3901.267048208236
2011-08-05,3735.7267977842653
2011-08-06,3706.682966933967
2011-08-07,3629.616168242089
2011-08-08,3307.450110526413
2011-08-09,3012.698361798154
2011-08-10,2646.7269222389605
2011-08-11,2587.5848640388526
2011-08-12,2495.2772432176107
2011-08-13,2430.5756398382373
2011-08-14,2365.682328004404
2011-08-15,2270.4032261390726
2011-08-16,2269.444683866786
2011-08-17,2230.0485964757895
2011-08-18,2090.986310587983
2011-08-19,2106.0132264418467
2011-08-20,2045.5292090605349
2011-08-21,1932.3253667034362
2011-08-22,1768.7022008240388
2011-08-23,1758.7333611922534
2011-08-24,1732.7568656132755
2011-08-25,1625.879402253271
2011-08-26,1539.5147435202084
2011-08-27,1587.7294198162465
2011-08-28,1555.3306910129443
2011-08-29,1457.9427961485817
2011-08-30,1375.2205980502106
2011-08-31,1314.9282891233543
2011-09-01,1444.810767018249
2011-09-02,1525.7117347992753
2011-09-03,1449.1242072435407
2011-09-04,1334.48255147801
2011-09-05,1202.2037179023991
2011-09-06,1185.0458112284612
2011-09-07,1194.9187966330176
2011-09-08,1213.322808260929
2011-09-09,1267.1928839634606
2011-09-10,1306.4931171272294
2011-09-11,1207.571554627207
2011-09-12,1145.745578064693
2011-09-13,963.430837875699
2011-09-14,774.2145933262385
2011-09-15,670.1169025558664
2011-09-16,652.5755789730135
2011-09-17,604.0733399952895
2011-09-18,618.4514740795951
2011-09-19,857.1284998790662
2011-09-20,828.6597943921413
2011-09-21,890.581625181884
2011-09-22,895.4701907705479
2011-09-23,935.4414035249174
2011-09-24,958.7339807414922
2011-09-25,989.4073334546774
2011-09-26,1057.2721263326002
2011-09-27,1257.415752786133
2011-09-28,1399.7592802207585
2011-09-29,1373.5910761873222
2011-09-30,1385.57285459091
2011-10-01,1391.6116709063187
2011-10-02,1362.3761316015639
2011-10-03,1415.8627903951806
2011-10-04,1365.9227380090258
2011-10-05,1332.3737584789787
2011-10-06,1305.8221375366277
2011-10-07,1294.9906098597842
2011-10-08,1261.1540676480522
2011-10-09,1224.1543359377722
2011-10-10,1197.6027149954214
2011-10-11,1193.7685459062732
2011-10-12,1251.0893737890378
2011-10-13,1430.3367787067154
2011-10-14,1529.0666327522797
2011-10-15,1329.210568980431
2011-10-16,1214.3772047604448
2011-10-17,1117.8519979411408
2011-10-18,1033.1168610709667
2011-10-19,996.5005462696024
2011-10-20,941.480219840326
2011-10-21,976.7545754604895
2011-10-22,954.3246862889729
2011-10-23,988.7363538640766
2011-10-24,1022.4881407591014
2011-10-25,1078.935181686287
2011-10-26,1197.7944234498798
2011-10-27,1227.8926507996928
2011-10-28,1256.9364816499888
2011-10-29,1265.6592163278006
2011-10-30,1265.6592163278006
2011-10-31,1257.0323358772173
2011-11-01,1280.2290588665633
2011-11-02,1421.8057524833603
2011-11-03,1403.7851577643632
2011-11-04,1376.3708487769538
2011-11-05,1398.9924464029293
2011-11-06,1405.42234796543
2011-11-07,1361.1300266475898
2011-11-08,1360.1714843753034
2011-11-09,1397.5546329944984
2011-11-10,1556.289233285231
2011-11-11,1653.9646908312811
2011-11-12,1626.1669649349562
2011-11-13,1692.9773613133636
2011-11-14,1611.1178512600504
2011-11-15,1614.3768949858256
2011-11-16,1652.8739706246051
2011-11-17,1677.928247638458
2011-11-18,1654.923233103568
2011-11-19,1703.2521186916224
2011-11-20,1902.6105562625385
2011-11-21,1882.9604396806535
2011-11-22,1896.5717399471293
2011-11-23,1893.4085504485824
2011-11-24,1922.45238129888
2011-11-25,1928.4911976142885
2011-11-26,2120.9664858895253
2011-11-27,2174.772995104526
2011-11-28,2143.4922292882707
2011-11-29,2100.0702643536683
2011-11-30,2231.1988472025346
2011-12-01,2280.180357316401
2011-12-02,2269.1571211851
2011-12-03,2304.0480598963472
2011-12-04,2492.7850333096635
2011-12-05,2404.407435804799
2011-12-06,2390.8919897655505
2011-12-07,2418.210444525732
2011-12-08,2364.627931504887
2011-12-09,2314.6878791187332
2011-12-10,2212.6989813473956
2011-12-11,2166.3055353687027
2011-12-12,2146.176147650675
2011-12-13,2163.429908551842
2011-12-14,2389.0707594482055
2011-12-15,2696.8586830795753
2011-12-16,2686.7939892205623
2011-12-17,2672.03243822734
2011-12-18,2687.7525314928507
2011-12-19,2683.5954850067205
2011-12-20,2670.498770591681
2011-12-21,2594.9656395354614
2011-12-22,2547.6136512844832
2011-12-23,2581.3543392689858
2011-12-24,2582.4087357685016
2011-12-25,2535.9357511757244
2011-12-26,2482.241068314507
2011-12-27,2404.2419611388455
2011-12-28,2343.348293060115
2011-12-29,2369.1330801846366
2011-12-30,2425.974636931257
2011-12-31,2453.5806543731233
2012-01-01,2610.7815870281993
2012-01-02,2615.09502725349
2012-01-03,2629.9524324739386
2012-01-04,2598.128829034009
2012-01-05,2534.8650390630646
2012-01-06,2473.3266251822374
2012-01-07,2485.6918204947406
2012-01-08,2430.575639838235
2012-01-09,2457.1272607805863
2012-01-10,2318.3303397534246
2012-01-11,2249.027733467073
2012-01-12,2372.679686592098
2012-01-13,2473.614187863923
2012-01-14,2432.396870155581
2012-01-15,2397.793494126019
2012-01-16,2348.9078382393805
2012-01-17,2382.840234678341
2012-01-18,2316.7008178905367
2012-01-19,2309.415896621155
2012-01-20,2254.587278646338
2012-01-21,2193.240573219969
2012-01-22,2105.5339553057042
2012-01-23,2323.218905342087
2012-01-24,2448.787943011688
2012-01-25,2405.4618323043155
2012-01-26,2386.57854954026
2012-01-27,2348.716129784922
2012-01-28,2374.309208454986
2012-01-29,2351.0166312384117
2012-01-30,2364.4362230504294
2012-01-31,2318.713756662339
2012-02-01,2341.52706274277
2012-02-02,2257.462905463199
2012-02-03,2234.3620367010817
2012-02-04,2161.8003866889535
2012-02-05,2161.7045324617243
2012-02-06,2157.199383781976
2012-02-07,2092.1143634936857
2012-02-08,2060.9587126687597
2012-02-09,2067.9590982320533
2012-02-10,2067.3839728686808
2012-02-11,1998.273075036785
2012-02-12,1957.343320010128
2012-02-13,1890.62877785895
2012-02-14,1925.136299661284
2012-02-15,1969.229244186487
2012-02-16,1983.7990867252504
2012-02-17,1975.9128063039918
2012-02-18,1961.273343326505
2012-02-19,1946.5632509184286
2012-02-20,1934.842801408022
2012-02-21,1926.478258842486
2012-02-22,2006.708247032911
2012-02-23,2009.2004569408573
2012-02-24,2080.420147771783
2012-02-25,2078.3113547727526
2012-02-26,2028.5095342721797
2012-02-27,1968.744928091015
2012-02-28,1973.1592675028642
2012-02-29,2668.8722757043893
2012-03-01,2745.456776284528
2012-03-02,2637.141499516092
2012-03-03,2610.781587028199
2012-03-04,2528.6345142931987
2012-03-05,2440.736187924478
2012-03-06,2411.2130859380363
2012-03-07,2399.7105786705924
2012-03-08,2519.720071160929
2012-03-09,2420.321255508495
2012-03-10,2373.4465204099283
2012-03-11,2344.4110247098242
2012-03-12,2577.42431595261
2012-03-13,2784.469446766612
2012-03-14,2808.049586664871
2012-03-15,2945.887965419743
2012-03-16,3075.213479804846
2012-03-17,3144.881341146532
2012-03-18,3408.0011948893243
2012-03-19,3670.2583605870627
2012-03-20,3769.3216206403763
2012-03-21,3788.974840735631
2012-03-22,3901.9380277988357
2012-03-23,3976.225053901081
2012-03-24,4054.2503948652466
2012-03-25,3794.261099394711
2012-03-26,3577.328707014654
2012-03-27,3400.2864430852114
2012-03-28,3187.124503031386
2012-03-29,3125.5493790209816
2012-03-30,2973.493982861614
2012-03-31,2928.059079155209
2012-04-01,2947.5477570386
2012-04-02,3121.144163471748
2012-04-03,3016.3979270788545
2012-04-04,2879.053095621625
2012-04-05,2775.938420543256
2012-04-06,2641.459984700711
2012-04-07,2732.1052100531233
2012-04-08,2582.5584406851854
2012-04-09,2444.666211240855
2012-04-10,2258.892383721435
2012-04-11,2241.934520652149
2012-04-12,2191.1317802209355
2012-04-13,2127.463735465592
2012-04-14,2145.38192691078
2012-04-15,2250.2738384210443
2012-04-16,2155.42302140078
2012-04-17,2103.9044334428163
2012-04-18,2422.304347649953
2012-04-19,2620.3438029381605
2012-04-20,2594.3589138774
2012-04-21,2471.6012490921207
2012-04-22,2376.4180014540175
2012-04-23,2318.0149484251233
2012-04-24,2226.093836584643
2012-04-25,2210.1109172122187
2012-04-26,2238.2642313708434
2012-04-27,2215.766316618713
2012-04-28,2168.3184741405043
2012-04-29,2176.849500363859
2012-04-30,2141.479290516468
2012-05-01,2228.369601463363
2012-05-02,2517.036152798526
2012-05-03,2907.73798298272
2012-05-04,3079.4754614449944
2012-05-05,2970.2349391358384
2012-05-06,4089.468246940935
2012-05-07,5725.6605550521435
2012-05-08,5730.357412186353
2012-05-09,5589.588921053883
2012-05-10,5010.396311471563
2012-05-11,4492.208359073197
2012-05-12,4259.953566498047
2012-05-13,3803.2081737532735
2012-05-14,3425.9259353810917
2012-05-15,3343.9120495723455
2012-05-16,3010.2061518902065
2012-05-17,2803.968643926902
2012-05-18,2684.301779312618
2012-05-19,2593.2402634453483
2012-05-20,2530.3598903833185
2012-05-21,2488.375738857147
2012-05-22,2235.0330162916816
2012-05-23,2080.132585090098
2012-05-24,2080.5160019990135
2012-05-25,2533.23551720018
2012-05-26,2482.9120479051103
2012-05-27,2985.571615492426
2012-05-28,3031.0065191988315
2012-05-29,2968.6054172729487
2012-05-30,2720.9180941139834
2012-05-31,2571.7689165461184
2012-06-01,2484.3498613135407
2012-06-02,2199.087681080919
2012-06-03,2072.8476638207167
2012-06-04,1950.8252325585772
2012-06-05,1954.467693193268
2012-06-06,1908.4576641234917
2012-06-07,1719.049711119573
2012-06-08,1721.541921027519
2012-06-09,1702.0835129000923
2012-06-10,1550.0485112571498
2012-06-11,1342.9116695229447
2012-06-12,1028.32414970953
2012-06-13,864.7009838301342
2012-06-14,968.5111119188209
2012-06-15,1211.7891406252718
2012-06-16,1327.7727555720028
2012-06-17,1273.0399918244132
2012-06-18,1835.4167429752176
2012-06-19,2026.4542178420236
2012-06-20,2186.147360405044
2012-06-21,3051.6151780530085
2012-06-22,3043.7551314202465
2012-06-23,3145.93573764605
2012-06-24,3139.513504421734
2012-06-25,2802.394187258377
2012-06-26,2550.6809865558025
2012-06-27,2354.083966509733
2012-06-28,2127.676281795535
2012-06-29,1900.5017632635083
2012-06-30,1633.7394488860248
2012-07-01,1405.8939507633936
2012-07-02,1358.2543998307274
2012-07-03,2817.1557382515985
2012-07-04,2863.8367469119753
2012-07-05,2575.02796027189
2012-07-06,2513.4895463910657
2012-07-07,2998.7994988499977
2012-07-08,2720.4388229778333
2012-07-09,2484.541569767994
2012-07-10,2278.6466896807415
2012-07-11,2125.6633430237316
2012-07-12,1945.073978924855
2012-07-13,1975.9839080286467
2012-07-14,1976.2266027741844
2012-07-15,1991.371570676317
2012-07-16,1853.533191921441
2012-07-17,1715.1196878031956
2012-07-18,1601.2448658554918
2012-07-19,1530.6003003879398
2012-07-20,1413.562288941692
2012-07-21,1314.9282891233534
2012-07-22,1231.6309656616122
2012-07-23,1097.4350475414276
2012-07-24,1012.2206395351087
2012-07-25,1242.6542017929114
2012-07-26,1416.3420615313255
2012-07-27,1393.3370469964352
2012-07-28,1278.3119743219886
2012-07-29,1208.1466799905809
2012-07-30,1156.481251514307
2012-07-31,1063.8860680113808
2012-08-01,1087.082791000728
2012-08-02,1158.4941902861096
2012-08-03,1128.3001087090677
2012-08-04,1121.5903128030614
2012-08-05,983.847788275414
2012-08-06,890.2940625001977
2012-08-07,873.4237185079453
2012-08-08,860.9626689682143
2012-08-09,1054.7799164246537
2012-08-10,1115.5514964876522
2012-08-11,1025.640231347127
2012-08-12,978.671660005063
2012-08-13,918.7627679871233
2012-08-14,877.6413045060085
2012-08-15,839.107905160069
2012-08-16,778.3363250970718
2012-08-17,712.1010540820383
2012-08-18,629.7622728925822
2012-08-19,625.7363953489765
2012-08-20,615.7675557171915
2012-08-21,566.8818998305524
2012-08-22,557.8716024710541
2012-08-23,577.2341563712525
2012-08-24,593.5293750001321
2012-08-25,577.5217190529385
2012-08-26,615.6717014899627
2012-08-27,580.1097831881135
2012-08-28,560.7472292879154
2012-08-29,547.5193459303542
2012-08-30,515.3123255815094
2012-08-31,488.2814335030162
2012-09-01,449.74803415707686
2012-09-02,413.03586512848307
2012-09-03,385.71741036830326
2012-09-04,390.9893928658818
2012-09-05,427.0305823038746
2012-09-06,442.3672586604671
2012-09-07,532.5660864826763
2012-09-08,554.6125587452788
2012-09-09,723.3159986677966
2012-09-10,690.2462902738943
2012-09-11,629.7622728925822
2012-09-12,578.1926986435394
2012-09-13,536.2085471173667
2012-09-14,495.85391745408305
2012-09-15,475.05355014545444
2012-09-16,457.99149769874583
2012-09-17,579.8222205064277
2012-09-18,649.2206810200091
2012-09-19,695.7685027541327
2012-09-20,799.9933264995648
2012-09-21,937.3043095932326
2012-09-22,
2012-09-23,
2012-09-24,
2012-09-25,
2012-09-26,829.3307739827416
2012-09-27,815.1443483528932
2012-09-28,795.9735029071526
2012-09-29,821.8541442589024
2012-09-30,815.9111821707227
2012-10-01,816.6780159885528
2012-10-02,789.0719985466865
2012-10-03,751.4971414730348
2012-10-04,709.5129899468639
2012-10-05,580.013928960885
2012-10-06,527.006541303411
2012-10-07,507.35642472152733
2012-10-08,502.1802964511777
2012-10-09,578.0968444163109
2012-10-10,
2012-10-11,
2012-10-12,592.9542496367599
2012-10-13,621.7105178053712
2012-10-14,656.8890191983055
2012-10-15,671.4588617370686
2012-10-16,730.8884826188638
2012-10-17,787.1549140021119
2012-10-18,1257.2240443316741
2012-10-19,1341.575764292933
2012-10-20,1326.6225048452554
2012-10-21,1308.985327035174
2012-10-22,1310.5189946708333
2012-10-23,1340.2338051117317
2012-10-24,1405.775898715123
2012-10-25,3936.1579869194857
2012-10-26,4883.389460393535
2012-10-27,4682.86241703109
2012-10-28,4362.3258811783035
2012-10-29,4052.237456093437
2012-10-30,3738.889987282813
2012-10-31,3414.1358654319583
2012-11-01,3228.753789971648
2012-11-02,3109.1277143902253
2012-11-03,2936.5901053785637
2012-11-04,2753.8842799424774
2012-11-05,2662.4470155044714
2012-11-06,2610.781587028196
2012-11-07,2579.1496920427226
2012-11-08,2510.805628028661
2012-11-09,2503.2331440775934
2012-11-10,2514.831505572266
2012-11-11,2861.727953912941
2012-11-12,3294.2222271688515
2012-11-13,3196.5467696228043
2012-11-14,3109.1277143902257
2012-11-15,2982.7918429027973
2012-11-16,2814.951091025337
2012-11-17,2744.8816509211574
2012-11-18,2681.6178609502117
2012-11-19,2607.618397529648
2012-11-20,2543.3002110591915
2012-11-21,2499.0155580795313
2012-11-22,2458.2775115073305
2012-11-23,2461.2489925514205
2012-11-24,2418.210444525731
2012-11-25,2489.5259895838885
2012-11-26,2388.4956340848325
2012-11-27,2329.3535758847243
2012-11-28,2317.755214390051
2012-11-29,2284.2062348600066
2012-11-30,2237.237663517944
